Identifiers,Set Identifiers,Name,Color,Pitch,Cost,Power,Defense,Life,Intelligence,Arcane,Types,Traits,Card Keywords,Abilities and Effects,Ability and Effect Keywords,Granted Keywords,Removed Keywords,Interacts with Keywords,Functional Text,Type Text,Card Played Horizontally,CC Legal,Silver Age Legal,LL Legal,Rarity,Foiling,Art Variations,Artists,Expansion Slot,Flavor Text,Identifier,Image URL,TCGPlayer Product Id,TCGPlayer Url,Rarity 2,Foiling 2,Art Variations 2,Artists 2,Expansion Slot 2,Flavor Text 2,Identifier 2,Image URL 2,TCGPlayer Product Id 2,TCGPlayer Url 2,Rarity 3,Foiling 3,Art Variations 3,Artists 3,Expansion Slot 3,Flavor Text 3,Identifier 3,Image URL 3,Rarity 4,Foiling 4,Art Variations 4,Artists 4,Expansion Slot 4,Flavor Text 4,Identifier 4,Image URL 4,Rarity 5,Foiling 5,Art Variations 5,Artists 5,Expansion Slot 5,Flavor Text 5,Identifier 5,Image URL 5,Rarity 6,Foiling 6,Art Variations 6,Artists 6,Expansion Slot 6,Flavor Text 6,Identifier 6,Image URL 6
MPW001,MPW,"Dorinthea, Quicksilver Prodigy",,,,,,,,,,,,,,,,,,,,,No,,B,,,,,,MPW001,https://legendstory-production-s3-public.s3.amazonaws.com/media/cards/large/MPW001.webp,,,,,,,,,MPW001,https://legendstory-production-s3-public.s3.amazonaws.com/media/cards/large/OMN001-MV.webp,,,,,,,,,MPW001,https://legendstory-production-s3-public.s3.amazonaws.com/media/cards/large/OMN001-MV_BACK.webp,,,,,,,,,,,,,,,,,,,,,,,,
MPW002,MPW,"Dawnblade, Resplendent",,,,,,,,,,,,,,,,,,,,,No,,B,,,,,,MPW002,https://legendstory-production-s3-public.s3.amazonaws.com/media/cards/large/MPW002.webp,,,,,,,,,MPW002,https://legendstory-production-s3-public.s3.amazonaws.com/media/cards/large/OMN002-MV.webp,,,,,,,,,MPW002,https://legendstory-production-s3-public.s3.amazonaws.com/media/cards/large/OMN002-MV_BACK.webp,,,,,,,,,,,,,,,,,,,,,,,,
MPW003,MPW,"Hala, Bladesaint of the Vow",,,,,,,,,,,,,,,,,,,,,No,,B,,,Federico Musetti,,,MPW003,https://legendstory-production-s3-public.s3.amazonaws.com/media/cards/large/MPW003.webp,,,V,C,FA,Federico Musetti,,,MPW003,/MPW003-MV.webp,,,V,C,FA,Federico Musetti,,,MPW003,/MPW003-MV_BACK.webp,,,,,,,,,,,,,,,,,,,,,,,,
MPW004,MPW,Hala,,,,,,20,4,,"Warrior, Hero, Young",,,Action,"Sharpen, Go again",,,,"**Action** - {r}{r}{r}, {t}: **Sharpen** target sword you control. **Go again**",Warrior Hero - Young,,,,,B,,,Federico Musetti,,,MPW004,https://legendstory-production-s3-public.s3.amazonaws.com/media/cards/large/MPW004.webp,,,V,C,FA,Federico Musetti,,,MPW004,/MPW004-MV.webp,,,V,C,FA,Federico Musetti,,,MPW004,/MPW004-MV_BACK.webp,,,,,,,,,,,,,,,,,,,,,,,,
MPW005,MPW,Zenith Blade,,,,,,,,,,,,,,,,,,,,,,,B,,,,,,MPW005,https://legendstory-production-s3-public.s3.amazonaws.com/media/cards/large/MPW005.webp,,,V,C,FA,,,,MPW005,/MPW005-MV.webp,,,V,C,FA,,,,MPW005,/MPW005-MV_BACK.webp,,,,,,,,,,,,,,,,,,,,,,,,
MPW006,MPW,Olympia,,,,,,,,,,,,,,,,,,,,,,,B,,,,,,MPW006,https://legendstory-production-s3-public.s3.amazonaws.com/media/cards/large/MPW006.webp,,,,,,,,,MPW006,https://legendstory-production-s3-public.s3.amazonaws.com/media/cards/large/MPW006.webp,,,,,,,,,MPW006,,,,,,,,,,,,,,,,,,,,,,,,,
MPW007,MPW,Golden Grail,,,,3,,,,,"Warrior, Weapon, Sword, 2H",,,Once per Turn Action,Attack,,,Wager,"**Once per Turn Action** - {r}{r} or destroy a Gold you control: **Attack**. If this attack has wagered, it gets +1{p}.",Warrior Weapon - Sword (2H),,,,,B,,,Tanapon Wachirakul,,,MPW007,https://legendstory-production-s3-public.s3.amazonaws.com/media/cards/large/MPW007.webp,,,V,C,FA,Tanapon Wachirakul,,,MPW007,/MPW007-MV.webp,,,V,C,FA,Tanapon Wachirakul,,,MPW007,/MPW007-MV_BACK.webp,,,,,,,,,,,,,,,,,,,,,,,,
MPW008,MPW,Durendal,,,,3,,,,,"Warrior, Weapon, Sword, 2H",,,Once per Turn Action,Attack,,,,"**Once per Turn Action** - {r}: **Attack**

If this has a +1{p} counter, reaction cards get -1{d} while defending it.",Warrior Weapon - Sword (2H),,,No,,M,,,Nathaniel Himawan,,,MPW008,https://legendstory-production-s3-public.s3.amazonaws.com/media/cards/large/MPW008.webp,,,V,C,FA,Nathaniel Himawan,,,MPW008,/MPW008-MV.webp,,,V,C,FA,Nathaniel Himawan,,,MPW008,/MPW008-MV_BACK.webp,,,,,,,,,,,,,,,,,,,,,,,,
MPW009,MPW,Paragon Plate,,,,,,,,,,,,,,,,,,,,,No,,L,C,,Amtepra,,,MPW009,https://legendstory-production-s3-public.s3.amazonaws.com/media/cards/large/MPW009-CF.webp,,,,,,Amtepra,,,MPW009,https://legendstory-production-s3-public.s3.amazonaws.com/media/cards/large/MPW009.webp,,,,,,Amtepra,,,MPW009,,,,,,,,,,,,,,,,,,,,,,,,,
MPW010,MPW,Grains of Bloodspill,,,,,,,,,,,,,,,,,,,,,,,L,R,AA,Isuardi Therianto,,,MPW010,https://legendstory-production-s3-public.s3.amazonaws.com/media/cards/large/MPW010-RF.webp,,,,,,Isuardi Therianto,,,MPW010,https://legendstory-production-s3-public.s3.amazonaws.com/media/cards/large/MPW010.webp,,,,,,Isuardi Therianto,,,MPW010,,,,,,,,,,,,,,,,,,,,,,,,,
MPW011,MPW,Braveforge Bracers,,,,,,,,,,,,,,,,,,,,,,,L,R,AA,Asur Misoa,,,MPW011,https://legendstory-production-s3-public.s3.amazonaws.com/media/cards/large/MPW011-RF.webp,,,,,,Asur Misoa,,,MPW011,https://legendstory-production-s3-public.s3.amazonaws.com/media/cards/large/MPW011.webp,,,,,,Asur Misoa,,,MPW011,,,,,,,,,,,,,,,,,,,,,,,,,
MPW012,MPW,Valiant Dynamo,,,,,,,,,,,,,,,,,"At the beginning of your end phase, if you've attacked 2 or more times with weapons this turn, you may remove a -1{d} counter from this.

**Battleworn**",,,,,,L,R,AA,Nathaniel Himawan,,,MPW012,https://legendstory-production-s3-public.s3.amazonaws.com/media/cards/large/MPW012-RF.webp,,,,,,Nathaniel Himawan,,,MPW012,https://legendstory-production-s3-public.s3.amazonaws.com/media/cards/large/MPW012.webp,,,,,,Nathaniel Himawan,,,MPW012,,,,,,,,,,,,,,,,,,,,,,,,,
MPW013,MPW,Blunt Retort,,,,,1,,,,"Warrior, Equipment, Head",,Blade Break,,,,,,"When this defends a weapon attack, you may remove a +1{p} counter from the weapon.

**Blade Break**",Warrior Equipment - Head,,,,,C,,,Brian M. Narendra,,,MPW013,https://legendstory-production-s3-public.s3.amazonaws.com/media/cards/large/MPW013.webp,,,C,C,,Brian M. Narendra,,,MPW013,https://legendstory-production-s3-public.s3.amazonaws.com/media/cards/large/MPW013-CF.webp,,,,,,Brian M. Narendra,,,MPW013,,,,,,,,,,,,,,,,,,,,,,,,,
MPW014,MPW,Edge Laden Plate,,,,,1,,,,"Warrior, Equipment, Chest",,Battleworn,,,,,,"**Instant** - Destroy this: Gain {r}. Activate this only if you've sharpened a sword this turn.

**Battleworn**",Warrior Equipment - Chest,,,,,C,,,Nikko Wahyudi,,,MPW014,https://legendstory-production-s3-public.s3.amazonaws.com/media/cards/large/MPW014.webp,,,C,C,,Nikko Wahyudi,,,MPW014,https://legendstory-production-s3-public.s3.amazonaws.com/media/cards/large/MPW014-CF.webp,,,,,,Nikko Wahyudi,,,MPW014,,,,,,,,,,,,,,,,,,,,,,,,,
MPW015,MPW,Duelist Gauntlets,,,,,1,,,,"Warrior, Equipment, Arms",,Battleworn,,,,,,"**Attack Reaction** - {r}, destroy this: Target sword attack gets ""Reaction cards get -1{d} while defending this.""

**Battleworn**",Warrior Equipment - Arms,,,,,C,,,Nailsen Ivanderlie,,,MPW015,https://legendstory-production-s3-public.s3.amazonaws.com/media/cards/large/MPW015.webp,,,C,C,,Nailsen Ivanderlie,,,MPW015,https://legendstory-production-s3-public.s3.amazonaws.com/media/cards/large/MPW015-CF.webp,,,,,,Nailsen Ivanderlie,,,MPW015,,,,,,,,,,,,,,,,,,,,,,,,,
MPW016,MPW,Longsword Leggings,,,,,1,,,,"Warrior, Equipment, Legs",,Battleworn,,,,,,"**Action** - Destroy this: Create a Blade Dance or Flurry token.

**Battleworn**",Warrior Equipment - Legs,,,,,C,,,Nikko Wahyudi,,,MPW016,https://legendstory-production-s3-public.s3.amazonaws.com/media/cards/large/MPW016.webp,,,C,C,,Nikko Wahyudi,,,MPW016,https://legendstory-production-s3-public.s3.amazonaws.com/media/cards/large/MPW016-CF.webp,,,,,,Nikko Wahyudi,,,MPW016,,,,,,,,,,,,,,,,,,,,,,,,,
MPW017,MPW,Hot Top,,,,,1,,,,"Warrior, Equipment, Head",,Blade Break,,,,,,"When this defends a weapon attack, you may put an attack reaction card from your graveyard on top of your deck.

**Blade Break**",Warrior Equipment - Head,,,,,C,,,Muhammad Fajri,,,MPW017,https://legendstory-production-s3-public.s3.amazonaws.com/media/cards/large/MPW017.webp,,,C,C,,Muhammad Fajri,,,MPW017,https://legendstory-production-s3-public.s3.amazonaws.com/media/cards/large/MPW017-CF.webp,,,,,,Muhammad Fajri,,,MPW017,,,,,,,,,,,,,,,,,,,,,,,,,
MPW018,MPW,Heart of Bladehold,,,,,1,,,,"Warrior, Equipment, Chest",,"Battleworn, Go again",,,,,,"**Action** - Destroy this: You may activate your second sword attack this turn without paying its {r} cost. **Go again**

**Battleworn**",Warrior Equipment - Chest,,,,,C,,,Christ Adiel Then,,,MPW018,https://legendstory-production-s3-public.s3.amazonaws.com/media/cards/large/MPW018.webp,,,C,C,,Christ Adiel Then,,,MPW018,https://legendstory-production-s3-public.s3.amazonaws.com/media/cards/large/MPW018-CF.webp,,,,,,Christ Adiel Then,,,MPW018,,,,,,,,,,,,,,,,,,,,,,,,,
MPW019,MPW,Dealer's Grip,,,,,1,,,,"Warrior, Equipment, Arms",,Battleworn,,,,,,"**Attack Reaction** - {r}{r}, destroy this: Target attack that has wagered gets +1{p}.

**Battleworn**",Warrior Equipment - Arms,,,,,C,,,Peyeyo,,,MPW019,https://legendstory-production-s3-public.s3.amazonaws.com/media/cards/large/MPW019.webp,,,C,C,,Peyeyo,,,MPW019,https://legendstory-production-s3-public.s3.amazonaws.com/media/cards/large/MPW019-CF.webp,,,,,,Peyeyo,,,MPW019,,,,,,,,,,,,,,,,,,,,,,,,,
MPW020,MPW,Refraction Bolters,,,,,1,,,,"Warrior, Equipment, Legs",,"Battleworn, Go again",,,,,,"When a weapon attack you control hits, you may destroy this. If you do, the attack gets **go again**.

**Battleworn**",Warrior Equipment - Legs,,,,,C,,,Anna Tanygina,,,MPW020,https://legendstory-production-s3-public.s3.amazonaws.com/media/cards/large/MPW020.webp,,,,,,Anna Tanygina,,,MPW020,https://legendstory-production-s3-public.s3.amazonaws.com/media/cards/large/MPW020.webp,,,,,,Anna Tanygina,,,MPW020,,,,,,,,,,,,,,,,,,,,,,,,,
MPW021,MPW,Blade Flurry,Red,1,0,,3,,,,"Warrior, Attack Reaction",,,,,,,,"Target weapon attack gets +2{p}.

Your next weapon attack this turn gets +2{p}.",Warrior Attack Reaction,,,,,M,,,Faizal Fikri,,,MPW021,https://legendstory-production-s3-public.s3.amazonaws.com/media/cards/large/MPW021.webp,,,,,,Faizal Fikri,,,MPW021,https://legendstory-production-s3-public.s3.amazonaws.com/media/cards/large/MPW021.webp,,,,,,Faizal Fikri,,,MPW021,,,,,,,,,,,,,,,,,,,,,,,,,
MPW022,MPW,Glint the Quicksilver,Blue,3,0,,3,,,,"Warrior, Attack Reaction",,"Reprise, Go again",,,,,,"Target weapon attack gets **go again**.

**Reprise** - If the defending hero has defended with a card from their hand this chain link, draw a card.",Warrior Attack Reaction,,,No,,M,,,Alexander Mokhov,,,MPW022,https://legendstory-production-s3-public.s3.amazonaws.com/media/cards/large/MPW022.webp,,,,,,Alexander Mokhov,,,MPW022,https://legendstory-production-s3-public.s3.amazonaws.com/media/cards/large/MPW022.webp,,,,,,Alexander Mokhov,,,MPW022,,,,,,,,,,,,,,,,,,,,,,,,,
MPW023,MPW,Into the Muck,Red,1,0,,3,,,,"Warrior, Attack Reaction",,,,,,,,"Play this only if you've wagered this chain link.

Banish a non-equipment defending card on the active chain link.",Warrior Attack Reaction,,,No,,M,,,Max Kostin,,,MPW023,https://legendstory-production-s3-public.s3.amazonaws.com/media/cards/large/MPW023.webp,,,M,R,,Max Kostin,,,MPW023,https://legendstory-production-s3-public.s3.amazonaws.com/media/cards/large/MPW023-RF.webp,,,,,,Max Kostin,,,MPW023,,,,,,,,,,,,,,,,,,,,,,,,,
MPW024,MPW,Overwhelming Swing,Yellow,2,0,,3,,,,"Warrior, Attack Reaction",,,,,,,,"This costs an additional {r} to play for each card defending on the active chain link.

Target weapon attack gets +X{p}, where X is twice the number of cards defending it plus 1.",Warrior Attack Reaction,,,No,,M,,,Yosi Saputra,,,MPW024,https://legendstory-production-s3-public.s3.amazonaws.com/media/cards/large/MPW024.webp,,,M,R,,Yosi Saputra,,,MPW024,https://legendstory-production-s3-public.s3.amazonaws.com/media/cards/large/MPW024-RF.webp,,,,,,Yosi Saputra,,,MPW024,,,,,,,,,,,,,,,,,,,,,,,,,
MPW025,MPW,Point of Escalation,Yellow,2,1,,3,,,,"Warrior, Attack Reaction",,,,,,,,Target sword attack gets +2{p} for each time you've attacked with the sword this turn.,Warrior Attack Reaction,,,No,,M,,,Athiwut B.,,,MPW025,https://legendstory-production-s3-public.s3.amazonaws.com/media/cards/large/MPW025.webp,,,M,R,EA,Athiwut B.,,,MPW025,https://legendstory-production-s3-public.s3.amazonaws.com/media/cards/large/MPW025-RF.webp,,,,,,Athiwut B.,,,MPW025,,,,,,,,,,,,,,,,,,,,,,,,,
MPW026,MPW,Sharpening Sparks,Red,1,0,,3,,,,"Warrior, Attack Reaction",,,,,Sharpen,,,"Target sword attack gets +2{p} and ""When this hits, **sharpen** this sword.""",Warrior Attack Reaction,,,No,,M,,,Kevin Sidharta,,,MPW026,https://legendstory-production-s3-public.s3.amazonaws.com/media/cards/large/MPW026.webp,,,M,R,EA,Kevin Sidharta,,,MPW026,https://legendstory-production-s3-public.s3.amazonaws.com/media/cards/large/MPW026-RF.webp,,,,,,Kevin Sidharta,,,MPW026,,,,,,,,,,,,,,,,,,,,,,,,,
MPW027,MPW,All In,Red,1,0,,3,,,,"Warrior, Action",,Go again,,,,,,"The next time a sword you control attacks this turn, destroy all Gold you control. The attack gets +2{p} for each Gold destroyed this way. When the chain link resolves, if the attack didn't hit, you lose the game.

**Go again**",Warrior Action,,,No,,M,,,János Brumár,,,MPW027,https://legendstory-production-s3-public.s3.amazonaws.com/media/cards/large/MPW027.webp,,,M,R,,János Brumár,,,MPW027,https://legendstory-production-s3-public.s3.amazonaws.com/media/cards/large/MPW027-RF.webp,,,,,,János Brumár,,,MPW027,,,,,,,,,,,,,,,,,,,,,,,,,
MPW028,MPW,And Again...,Blue,3,1,,3,,,,"Warrior, Action",,Attack,,,,,Sharpen,**Attack** with target sword that has been sharpened and you've attacked with this turn.,Warrior Action,,,,,M,,,João G. Santos,,,MPW028,https://legendstory-production-s3-public.s3.amazonaws.com/media/cards/large/MPW028.webp,,,M,R,EA,João G. Santos,,,MPW028,https://legendstory-production-s3-public.s3.amazonaws.com/media/cards/large/MPW028-RF.webp,,,,,,João G. Santos,,,MPW028,,,,,,,,,,,,,,,,,,,,,,,,,
MPW029,MPW,Bluff Catcher,Yellow,2,2,,3,,,,"Warrior, Action",,Go again,,,Wager,,,"You may destroy a Gold you control rather than pay this card's {r} cost.

Your next sword attack this turn gets +3{p} and ""When this attacks, **wager** with the defending hero. The winner gets +1{i} during their next end phase.""

**Go again**",Warrior Action,,,No,,M,,,Simon Dominic,,,MPW029,https://legendstory-production-s3-public.s3.amazonaws.com/media/cards/large/MPW029.webp,,,M,R,,Simon Dominic,,,MPW029,https://legendstory-production-s3-public.s3.amazonaws.com/media/cards/large/MPW029-RF.webp,,,,,,Simon Dominic,,,MPW029,,,,,,,,,,,,,,,,,,,,,,,,,
MPW030,MPW,Drawn to the Blade,Yellow,2,0,,3,,,,"Warrior, Action",,"Sharpen, Go again",,,,,,"**Sharpen** target sword you control.

If it has 2 or more +1{p} counters, the next time it hits this turn, draw a card.

**Go again**",Warrior Action,,,No,,M,,,Vito Vivodka,,,MPW030,https://legendstory-production-s3-public.s3.amazonaws.com/media/cards/large/MPW030.webp,,,M,R,,Vito Vivodka,,,MPW030,https://legendstory-production-s3-public.s3.amazonaws.com/media/cards/large/MPW030-RF.webp,,,,,,Vito Vivodka,,,MPW030,,,,,,,,,,,,,,,,,,,,,,,,,
MPW031,MPW,Honed for Honor,Blue,3,0,,3,,,,"Warrior, Action",,"Sharpen, Go again",,,,,,"**Sharpen** target sword you control.

If it has 3 or more +1{p} counters, you may put an attack reaction card from your graveyard on top of your deck.

**Go again**",Warrior Action,,,No,,M,,,soyameii,,,MPW031,https://legendstory-production-s3-public.s3.amazonaws.com/media/cards/large/MPW031.webp,,,M,R,,soyameii,,,MPW031,https://legendstory-production-s3-public.s3.amazonaws.com/media/cards/large/MPW031-RF.webp,,,,,,soyameii,,,MPW031,,,,,,,,,,,,,,,,,,,,,,,,,
MPW032,MPW,Raise Blades,Red,1,0,,3,,,,"Warrior, Action",,Go again,,,,,,"Draw a card. Put a card from your hand on top of your deck.

Your next sword attack this turn gets +3{p}.

**Go again**",Warrior Action,,,No,,M,,,Amtepra,,,MPW032,https://legendstory-production-s3-public.s3.amazonaws.com/media/cards/large/MPW032.webp,,,M,R,,Amtepra,,,MPW032,https://legendstory-production-s3-public.s3.amazonaws.com/media/cards/large/MPW032-RF.webp,,,,,,Amtepra,,,MPW032,,,,,,,,,,,,,,,,,,,,,,,,,
MPW033,MPW,Rake Back,Blue,3,2,,3,,,,"Warrior, Action",,Go again,,,Wager,,,"You may destroy a Gold you control rather than pay this card's {r} cost.

Your next sword attack this turn gets +2{p} and ""When this attacks, **wager** with the defending hero. The winner may equip an equipment card from their graveyard.""

**Go again**",Warrior Action,,,No,,M,,,Alifka Hammam,,,MPW033,https://legendstory-production-s3-public.s3.amazonaws.com/media/cards/large/MPW033.webp,,,M,R,,Alifka Hammam,,,MPW033,https://legendstory-production-s3-public.s3.amazonaws.com/media/cards/large/MPW033-RF.webp,,,,,,Alifka Hammam,,,MPW033,,,,,,,,,,,,,,,,,,,,,,,,,
MPW034,MPW,Terms of Combat,Red,1,2,,3,,,,"Warrior, Action",,Go again,,,,,,"Your next weapon attack this turn gets +4{p} and ""Whenever a defense reaction is played or activated this chain link, draw a card.""

**Go again**",Warrior Action,,,No,,M,,,Amtepra,,,MPW034,https://legendstory-production-s3-public.s3.amazonaws.com/media/cards/large/MPW034.webp,,,M,R,,Amtepra,,,MPW034,https://legendstory-production-s3-public.s3.amazonaws.com/media/cards/large/MPW034-RF.webp,,,,,,Amtepra,,,MPW034,,,,,,,,,,,,,,,,,,,,,,,,,
MPW035,MPW,Unsheathed,Red,1,0,,3,,,,"Warrior, Action",,Go again,,,,,,"Your next sword attack this turn gets +3{p} and ""When this attacks, if its {p} is greater than twice its base, it gets **go again**.

**Go again**",Warrior Action,,,No,,M,,,soyameii,,,MPW035,https://legendstory-production-s3-public.s3.amazonaws.com/media/cards/large/MPW035.webp,,,,,,soyameii,,,MPW035,https://legendstory-production-s3-public.s3.amazonaws.com/media/cards/large/MPW035.webp,,,,,,soyameii,,,MPW035,,,,,,,,,,,,,,,,,,,,,,,,,
MPW036,MPW,Lessons Learned,Blue,3,0,,,,,,"Warrior, Instant",,,,,,,,Shuffle up to 3 attack reaction cards with different names from your graveyard into your deck.,Warrior Instant,,,No,,M,,,Tomasz Jedruszek,,,MPW036,https://legendstory-production-s3-public.s3.amazonaws.com/media/cards/large/MPW036.webp,,,M,R,,Tomasz Jedruszek,,,MPW036,https://legendstory-production-s3-public.s3.amazonaws.com/media/cards/large/MPW036-RF.webp,,,,,,Tomasz Jedruszek,,,MPW036,,,,,,,,,,,,,,,,,,,,,,,,,
MPW037,MPW,Stand Tall,Yellow,2,,,3,,,,"Warrior, Block",,,,,,,,"While this is defending, whenever the attacking hero plays or activates a reaction this chain link, this gets +2{p}.",Warrior Block,,,No,,M,,,Alif Zahrah,,,MPW037,https://legendstory-production-s3-public.s3.amazonaws.com/media/cards/large/MPW037.webp,,,M,R,EA,Alif Zahrah,,,MPW037,https://legendstory-production-s3-public.s3.amazonaws.com/media/cards/large/MPW037-RF.webp,,,,,,Alif Zahrah,,,MPW037,,,,,,,,,,,,,,,,,,,,,,,,,
MPW038,MPW,Backside of the Blade,Blue,3,2,,3,,,,"Warrior, Attack Reaction",,,,,,,,"Target weapon attack gets +1{p}. If it has go again, you may attack an additional time with the weapon this turn.",Warrior Attack Reaction,,,,,R,,,Faizal Fikri,,,MPW038,https://legendstory-production-s3-public.s3.amazonaws.com/media/cards/large/MPW038.webp,,,R,R,,Faizal Fikri,,,MPW038,https://legendstory-production-s3-public.s3.amazonaws.com/media/cards/large/MPW038-RF.webp,,,,,,Faizal Fikri,,,MPW038,,,,,,,,,,,,,,,,,,,,,,,,,
MPW039,MPW,Display of Artistry,Red,1,1,,3,,,,"Warrior, Attack Reaction",,,,,,,,"Target weapon attack gets +3{p}. If the weapon has been sharpened this turn, the attack gets ""Reaction cards get -1{d} while defending this.""",Warrior Attack Reaction,,,,,R,,,SanSan,,,MPW039,https://legendstory-production-s3-public.s3.amazonaws.com/media/cards/large/MPW039.webp,,,R,R,,SanSan,,,MPW039,https://legendstory-production-s3-public.s3.amazonaws.com/media/cards/large/MPW039-RF.webp,,,,,,SanSan,,,MPW039,,,,,,,,,,,,,,,,,,,,,,,,,
MPW040,MPW,Display of Artistry,Yellow,2,1,,3,,,,"Warrior, Attack Reaction",,,,,,,,"Target weapon attack gets +2{p}. If the weapon has been sharpened this turn, the attack gets ""Reaction cards get -1{d} while defending this.""",Warrior Attack Reaction,,,,,R,,,SanSan,,,MPW040,https://legendstory-production-s3-public.s3.amazonaws.com/media/cards/large/MPW040.webp,,,R,R,,SanSan,,,MPW040,https://legendstory-production-s3-public.s3.amazonaws.com/media/cards/large/MPW040-RF.webp,,,,,,SanSan,,,MPW040,,,,,,,,,,,,,,,,,,,,,,,,,
MPW041,MPW,Display of Artistry,Blue,3,1,,3,,,,"Warrior, Attack Reaction",,,,,,,,"Target weapon attack gets +1{p}. If the weapon has been sharpened this turn, the attack gets ""Reaction cards get -1{d} while defending this.""",Warrior Attack Reaction,,,,,R,,,SanSan,,,MPW041,https://legendstory-production-s3-public.s3.amazonaws.com/media/cards/large/MPW041.webp,,,R,R,,SanSan,,,MPW041,https://legendstory-production-s3-public.s3.amazonaws.com/media/cards/large/MPW041-RF.webp,,,,,,SanSan,,,MPW041,,,,,,,,,,,,,,,,,,,,,,,,,
MPW042,MPW,Donkey,Blue,3,0,,3,,,,"Warrior, Attack Reaction",,,,,Wager,,,Target sword attack gets +1{p} and **wagers** with the defending hero. The winner destroys a card in their own arsenal.,Warrior Attack Reaction,,,,,R,,,Carlos Cruchaga,,,MPW042,https://legendstory-production-s3-public.s3.amazonaws.com/media/cards/large/MPW042.webp,,,R,R,,Carlos Cruchaga,,,MPW042,https://legendstory-production-s3-public.s3.amazonaws.com/media/cards/large/MPW042-RF.webp,,,,,,Carlos Cruchaga,,,MPW042,,,,,,,,,,,,,,,,,,,,,,,,,
MPW043,MPW,Downswing,Red,1,0,,3,,,,"Warrior, Attack Reaction",,,,,Wager,,,Target sword attack gets +1{p} and **wagers** with the defending hero. The winner loses 1{h}.,Warrior Attack Reaction,,,,,R,,,Carlos Cruchaga,,,MPW043,https://legendstory-production-s3-public.s3.amazonaws.com/media/cards/large/MPW043.webp,,,R,R,,Carlos Cruchaga,,,MPW043,https://legendstory-production-s3-public.s3.amazonaws.com/media/cards/large/MPW043-RF.webp,,,,,,Carlos Cruchaga,,,MPW043,,,,,,,,,,,,,,,,,,,,,,,,,
MPW044,MPW,Drawing Dead,Yellow,2,0,,3,,,,"Warrior, Attack Reaction",,,,,Wager,,,Target sword attack gets +1{p} and **wagers** with the defending hero. The winner discards a card.,Warrior Attack Reaction,,,,,R,,,Carlos Cruchaga,,,MPW044,https://legendstory-production-s3-public.s3.amazonaws.com/media/cards/large/MPW044.webp,,,R,R,,Carlos Cruchaga,,,MPW044,https://legendstory-production-s3-public.s3.amazonaws.com/media/cards/large/MPW044-RF.webp,,,,,,Carlos Cruchaga,,,MPW044,,,,,,,,,,,,,,,,,,,,,,,,,
MPW045,MPW,Gleam of the Blade,Red,1,1,,2,,,,"Warrior, Attack Reaction",,,,,,,,"Target weapon attack gets +3{p}.

**Instant** - Discard this: Create a Flurry token.",Warrior Attack Reaction,,,,,R,,,Vincent Taslim,,,MPW045,https://legendstory-production-s3-public.s3.amazonaws.com/media/cards/large/MPW045.webp,,,R,R,,Vincent Taslim,,,MPW045,https://legendstory-production-s3-public.s3.amazonaws.com/media/cards/large/MPW045-RF.webp,,,,,,Vincent Taslim,,,MPW045,,,,,,,,,,,,,,,,,,,,,,,,,
MPW046,MPW,Olé,Blue,3,,,,,,,,,,,,,,,,,,,,,R,,,Muhammad Fajri,,,MPW046,https://legendstory-production-s3-public.s3.amazonaws.com/media/cards/large/MPW046.webp,,,R,R,,Muhammad Fajri,,,MPW046,https://legendstory-production-s3-public.s3.amazonaws.com/media/cards/large/MPW046-RF.webp,,,,,,Muhammad Fajri,,,MPW046,,,,,,,,,,,,,,,,,,,,,,,,,
MPW047,MPW,Quicksilver Dance,Blue,3,1,,3,,,,"Warrior, Attack Reaction",,,,,,,,"Remove a +1{p} counter from target attacking weapon. If you do, create a Blade Dance token and draw a card.",Warrior Attack Reaction,,,,,R,,,Surya Prasetya,,,MPW047,https://legendstory-production-s3-public.s3.amazonaws.com/media/cards/large/MPW047.webp,,,R,R,,Surya Prasetya,,,MPW047,https://legendstory-production-s3-public.s3.amazonaws.com/media/cards/large/MPW047-RF.webp,,,,,,Surya Prasetya,,,MPW047,https://legendstory-production-s3-public.s3.amazonaws.com/media/cards/large/OMN047-MV_BACK.webp,,,,,,,,,,,,,,,,,,,,,,,,
MPW048,MPW,Run Through,Red,1,1,,3,,,,"Warrior, Attack Reaction",,Go again,,,,,,"Target sword attack gets **go again**.

Your next sword attack this turn gets +3{p}.",Warrior Attack Reaction,,,,,R,,,Andy Aslamov,,,MPW048,https://legendstory-production-s3-public.s3.amazonaws.com/media/cards/large/MPW048.webp,,,R,R,,Andy Aslamov,,,MPW048,https://legendstory-production-s3-public.s3.amazonaws.com/media/cards/large/MPW048-RF.webp,,,,,,Andy Aslamov,,,MPW048,https://legendstory-production-s3-public.s3.amazonaws.com/media/cards/large/OMN048-MV_BACK.webp,,,,,,,,,,,,,,,,,,,,,,,,
MPW049,MPW,Run Through,Yellow,2,,,,,,,,,,,,,,,,,,,,,,,,,,,MPW049,https://legendstory-production-s3-public.s3.amazonaws.com/media/cards/large/MPW049.webp,,,,,,,,,MPW049,https://legendstory-production-s3-public.s3.amazonaws.com/media/cards/large/MPW049.webp,,,,,,,,,MPW049,,,,,,,,,,,,,,,,,,,,,,,,,
MPW050,MPW,Run Through,Blue,3,1,,3,,,,"Warrior, Attack Reaction",,Go again,,,,,,"Target sword attack gets **go again**.

Your next sword attack this turn gets +1{p}.",Warrior Attack Reaction,,,,,R,,,Andy Aslamov,,,MPW050,https://legendstory-production-s3-public.s3.amazonaws.com/media/cards/large/MPW050.webp,,,R,R,,Andy Aslamov,,,MPW050,https://legendstory-production-s3-public.s3.amazonaws.com/media/cards/large/MPW050-RF.webp,,,,,,Andy Aslamov,,,MPW050,,,,,,,,,,,,,,,,,,,,,,,,,
MPW051,MPW,Shimmer of the Blade,Red,1,1,,2,,,,"Warrior, Attack Reaction",,,,,,,,"Target weapon attack gets +3{p}.

**Instant** - Discard this: Create a Blade Dance token.",Warrior Attack Reaction,,,,,R,,,Asur Misoa,,,MPW051,https://legendstory-production-s3-public.s3.amazonaws.com/media/cards/large/MPW051.webp,,,R,R,,Asur Misoa,,,MPW051,https://legendstory-production-s3-public.s3.amazonaws.com/media/cards/large/MPW051-RF.webp,,,,,,Asur Misoa,,,MPW051,,,,,,,,,,,,,,,,,,,,,,,,,
MPW052,MPW,Shove Off,Blue,3,1,,3,,,,"Warrior, Attack Reaction",,,,,,,,Choose a non-equipment card defending a sword attack you control. Return it to its owner's hand.,Warrior Attack Reaction,,,,,R,,,Tomasz Jedruszek,,,MPW052,https://legendstory-production-s3-public.s3.amazonaws.com/media/cards/large/MPW052.webp,,,R,R,,Tomasz Jedruszek,,,MPW052,https://legendstory-production-s3-public.s3.amazonaws.com/media/cards/large/MPW052-RF.webp,,,,,,Tomasz Jedruszek,,,MPW052,,,,,,,,,,,,,,,,,,,,,,,,,
MPW053,MPW,Golden Company,Red,1,2,,6,,,,"Warrior, Defense Reaction",,,,,,,,You may destroy a Gold you control rather than pay this card's {r} cost.,Warrior Defense Reaction,,,,,R,,,Saad Irfan,,,MPW053,https://legendstory-production-s3-public.s3.amazonaws.com/media/cards/large/MPW053.webp,,,R,R,,Saad Irfan,,,MPW053,https://legendstory-production-s3-public.s3.amazonaws.com/media/cards/large/MPW053-RF.webp,,,,,,Saad Irfan,,,MPW053,,,,,,,,,,,,,,,,,,,,,,,,,
MPW054,MPW,Golden Company,Yellow,2,2,,5,,,,"Warrior, Defense Reaction",,,,,,,,You may destroy a Gold you control rather than pay this card's {r} cost.,Warrior Defense Reaction,,,,,R,,,Saad Irfan,,,MPW054,https://legendstory-production-s3-public.s3.amazonaws.com/media/cards/large/MPW054.webp,,,R,R,,Saad Irfan,,,MPW054,https://legendstory-production-s3-public.s3.amazonaws.com/media/cards/large/MPW054-RF.webp,,,,,,Saad Irfan,,,MPW054,,,,,,,,,,,,,,,,,,,,,,,,,
MPW055,MPW,Golden Company,Blue,3,2,,4,,,,"Warrior, Defense Reaction",,,,,,,,You may destroy a Gold you control rather than pay this card's {r} cost.,Warrior Defense Reaction,,,,,R,,,Saad Irfan,,,MPW055,https://legendstory-production-s3-public.s3.amazonaws.com/media/cards/large/MPW055.webp,,,R,R,,Saad Irfan,,,MPW055,https://legendstory-production-s3-public.s3.amazonaws.com/media/cards/large/MPW055-RF.webp,,,,,,Saad Irfan,,,MPW055,,,,,,,,,,,,,,,,,,,,,,,,,
MPW056,MPW,Steelblade Shunt,Red,1,1,,6,,,,"Warrior, Defense Reaction",,,,,,,,"If this defends a weapon attack, deal 1 damage to the attacking hero.",Warrior Defense Reaction,,,,,R,,,Cindy Handoyo,,,MPW056,https://legendstory-production-s3-public.s3.amazonaws.com/media/cards/large/MPW056.webp,,,,,,Cindy Handoyo,,,MPW056,https://legendstory-production-s3-public.s3.amazonaws.com/media/cards/large/MPW056.webp,,,,,,Cindy Handoyo,,,MPW056,,,,,,,,,,,,,,,,,,,,,,,,,
MPW057,MPW,Steelblade Shunt,Yellow,2,1,,5,,,,"Warrior, Defense Reaction",,,,,,,,"If this defends a weapon attack, deal 1 damage to the attacking hero.",Warrior Defense Reaction,,,,,R,,,Cindy Handoyo,,,MPW057,https://legendstory-production-s3-public.s3.amazonaws.com/media/cards/large/MPW057.webp,,,,,,Cindy Handoyo,,,MPW057,https://legendstory-production-s3-public.s3.amazonaws.com/media/cards/large/MPW057.webp,,,,,,Cindy Handoyo,,,MPW057,,,,,,,,,,,,,,,,,,,,,,,,,
MPW058,MPW,Steelblade Shunt,Blue,3,1,,4,,,,"Warrior, Defense Reaction",,,,,,,,"If this defends a weapon attack, deal 1 damage to the attacking hero.",Warrior Defense Reaction,,,,,R,,,Cindy Handoyo,,,MPW058,https://legendstory-production-s3-public.s3.amazonaws.com/media/cards/large/MPW058.webp,,,,,,Cindy Handoyo,,,MPW058,https://legendstory-production-s3-public.s3.amazonaws.com/media/cards/large/MPW058.webp,,,,,,Cindy Handoyo,,,MPW058,,,,,,,,,,,,,,,,,,,,,,,,,
MPW059,MPW,Below the Belt,Red,1,1,,3,,,,"Warrior, Action",,Go again,,,,,,"Your next sword attack this turn gets +4{p} and ""When this hits a Warrior hero, destroy a card in their arsenal.""

**Go again**",Warrior Action,,,,,R,,,Yunior Susanto,,,MPW059,https://legendstory-production-s3-public.s3.amazonaws.com/media/cards/large/MPW059.webp,,,R,R,,Yunior Susanto,,,MPW059,https://legendstory-production-s3-public.s3.amazonaws.com/media/cards/large/MPW059-RF.webp,,,,,,Yunior Susanto,,,MPW059,,,,,,,,,,,,,,,,,,,,,,,,,
MPW060,MPW,Big Slick,Red,1,3,,3,,,,"Warrior, Action",,Go again,,,,,,"Your next sword attack this turn gets +5{p} and ""When this attacks, **wager** with the defending hero. The winner draws a card.""

**Go again**",Warrior Action,,,,,R,,,Carlos Cruchaga,,,MPW060,https://legendstory-production-s3-public.s3.amazonaws.com/media/cards/large/MPW060.webp,,,R,R,,Carlos Cruchaga,,,MPW060,https://legendstory-production-s3-public.s3.amazonaws.com/media/cards/large/MPW060-RF.webp,,,,,,Carlos Cruchaga,,,MPW060,,,,,,,,,,,,,,,,,,,,,,,,,
MPW061,MPW,Big Slick,Yellow,2,3,,3,,,,"Warrior, Action",,Go again,,,,,,"Your next sword attack this turn gets +3{p} and ""When this attacks, **wager** with the defending hero. The winner draws a card.""

**Go again**",Warrior Action,,,,,R,,,Carlos Cruchaga,,,MPW061,https://legendstory-production-s3-public.s3.amazonaws.com/media/cards/large/MPW061.webp,,,R,R,,Carlos Cruchaga,,,MPW061,https://legendstory-production-s3-public.s3.amazonaws.com/media/cards/large/MPW061-RF.webp,,,,,,Carlos Cruchaga,,,MPW061,,,,,,,,,,,,,,,,,,,,,,,,,
MPW062,MPW,Big Slick,Blue,3,3,,3,,,,"Warrior, Action",,Go again,,,,,,"Your next sword attack this turn gets +3{p} and ""When this attacks, **wager** with the defending hero. The winner draws a card.""

**Go again**",Warrior Action,,,,,R,,,Carlos Cruchaga,,,MPW062,https://legendstory-production-s3-public.s3.amazonaws.com/media/cards/large/MPW062.webp,,,R,R,,Carlos Cruchaga,,,MPW062,https://legendstory-production-s3-public.s3.amazonaws.com/media/cards/large/MPW062-RF.webp,,,,,,Carlos Cruchaga,,,MPW062,,,,,,,,,,,,,,,,,,,,,,,,,
MPW063,MPW,Blade Rush,Yellow,2,0,,2,,,,"Warrior, Action",,Go again,,,Go again,,,"Your first sword attack this turn gets **go again**.

Your second sword attack this turn gets +1{p}.

**Go again**",Warrior Action,,,,,R,,,Pavel Rtishchev (Klaher),,,MPW063,https://legendstory-production-s3-public.s3.amazonaws.com/media/cards/large/MPW063.webp,,,R,R,,Pavel Rtishchev (Klaher),,,MPW063,https://legendstory-production-s3-public.s3.amazonaws.com/media/cards/large/MPW063-RF.webp,,,,,,Pavel Rtishchev (Klaher),,,MPW063,,,,,,,,,,,,,,,,,,,,,,,,,
MPW064,MPW,Crimson Waltz,Yellow,2,2,,3,,,,"Warrior, Action",,Go again,,,,,,"Your next sword attack this turn gets +4{p}.

The next time you attack with a sword this turn, draw a card, then put a card from your hand on top of your deck.

**Go again**",Warrior Action,,,,,R,,,Yiian Kho,,,MPW064,https://legendstory-production-s3-public.s3.amazonaws.com/media/cards/large/MPW064.webp,,,R,R,,Yiian Kho,,,MPW064,https://legendstory-production-s3-public.s3.amazonaws.com/media/cards/large/MPW064-RF.webp,,,,,,Yiian Kho,,,MPW064,,,,,,,,,,,,,,,,,,,,,,,,,
MPW065,MPW,Dusk Path Pilgrimage,Red,1,1,,3,,,,"Warrior, Action",,Go again,,,,,,"Your next weapon attack this turn gets +3{p} and ""When this hits, you may attack an additional time with this weapon this turn.""

**Go again**",Warrior Action,,,,,R,,,Reza Afshar,,,MPW065,https://legendstory-production-s3-public.s3.amazonaws.com/media/cards/large/MPW065.webp,,,,,,Reza Afshar,,,MPW065,https://legendstory-production-s3-public.s3.amazonaws.com/media/cards/large/MPW065.webp,,,,,,Reza Afshar,,,MPW065,,,,,,,,,,,,,,,,,,,,,,,,,
MPW066,MPW,Off Beat,Blue,3,0,,3,,,,"Warrior, Action",,"Sharpen, Go again",,,,,,"Destroy up to 1 Blade Dance and/or Flurry token. **Sharpen** target sword you control for each token destroyed this way.

**Go again**",Warrior Action,,,,,R,,,Rio Sabda,,,MPW066,https://legendstory-production-s3-public.s3.amazonaws.com/media/cards/large/MPW066.webp,,,R,R,,Rio Sabda,,,MPW066,https://legendstory-production-s3-public.s3.amazonaws.com/media/cards/large/MPW066-RF.webp,,,,,,Rio Sabda,,,MPW066,,,,,,,,,,,,,,,,,,,,,,,,,
MPW067,MPW,Rest Before Battle,Yellow,2,0,,3,,,,"Warrior, Action, Aura",,,,,,,,"Play this only if you've attacked with a weapon this turn.

At the start of your turn, destroy this and draw a card.",Warrior Action - Aura,,,,,R,,,Tomasz Jedruszek,,,MPW067,https://legendstory-production-s3-public.s3.amazonaws.com/media/cards/large/MPW067.webp,,,R,R,,Tomasz Jedruszek,,,MPW067,https://legendstory-production-s3-public.s3.amazonaws.com/media/cards/large/MPW067-RF.webp,,,,,,Tomasz Jedruszek,,,MPW067,,,,,,,,,,,,,,,,,,,,,,,,,
MPW068,MPW,Shatter the Weakpoint,Red,1,1,,3,,,,"Warrior, Action",,Go again,,,,,,"Your next sword attack this turn gets +4{p} and ""When this hits a Warrior hero, destroy an equipment they control with 0{d}.""

**Go again**",Warrior Action,,,,,R,,,Jefrey Yonathan,,,MPW068,https://legendstory-production-s3-public.s3.amazonaws.com/media/cards/large/MPW068.webp,,,R,R,,Jefrey Yonathan,,,MPW068,https://legendstory-production-s3-public.s3.amazonaws.com/media/cards/large/MPW068-RF.webp,,,,,,Jefrey Yonathan,,,MPW068,,,,,,,,,,,,,,,,,,,,,,,,,
MPW069,MPW,Slice and Dice,Red,1,0,,3,,,,"Warrior, Action",,Go again,,,,,,"Your first sword or dagger attack this turn gets +1{p}.

Your second sword or dagger attack this turn gets +3{p}.

**Go again**",Warrior Action,,,,,R,,,Federico Musetti,,,MPW069,https://legendstory-production-s3-public.s3.amazonaws.com/media/cards/large/MPW069.webp,,,,,,Federico Musetti,,,MPW069,https://legendstory-production-s3-public.s3.amazonaws.com/media/cards/large/MPW069.webp,,,,,,Federico Musetti,,,MPW069,,,,,,,,,,,,,,,,,,,,,,,,,
MPW070,MPW,Steel to the Dome,Red,1,1,,3,,,,"Warrior, Action",,Go again,,,,,,"Your next sword attack this turn gets +4{p} and ""When this hits a Warrior hero, they discard a card.""

**Go again**",Warrior Action,,,,,R,,,Reinaldo Indrajaya,,,MPW070,https://legendstory-production-s3-public.s3.amazonaws.com/media/cards/large/MPW070.webp,,,R,R,,Reinaldo Indrajaya,,,MPW070,https://legendstory-production-s3-public.s3.amazonaws.com/media/cards/large/MPW070-RF.webp,,,,,,Reinaldo Indrajaya,,,MPW070,,,,,,,,,,,,,,,,,,,,,,,,,
MPW071,MPW,Visit the Dawnsmith,Blue,3,0,,3,,,,"Warrior, Action, Aura",,Sharpen,,,,,,"At the start of your turn, destroy this and **sharpen** all swords you control.",Warrior Action - Aura,,,,,R,,,Faizal Fikri,,,MPW071,https://legendstory-production-s3-public.s3.amazonaws.com/media/cards/large/MPW071.webp,,,R,R,,Faizal Fikri,,,MPW071,https://legendstory-production-s3-public.s3.amazonaws.com/media/cards/large/MPW071-RF.webp,,,,,,Faizal Fikri,,,MPW071,,,,,,,,,,,,,,,,,,,,,,,,,
MPW072,MPW,Warrior's Valor,Red,1,,,,,,,,,,,,,,,,,,,,,,,,,,,MPW072,https://legendstory-production-s3-public.s3.amazonaws.com/media/cards/large/MPW072.webp,,,,,,,,,MPW072,https://legendstory-production-s3-public.s3.amazonaws.com/media/cards/large/MPW072.webp,,,,,,,,,MPW072,,,,,,,,,,,,,,,,,,,,,,,,,
MPW073,MPW,Take the Lead,Red,1,0,,,,,,"Warrior, Instant",,,,,,,,"The next time you would be dealt damage this turn, prevent 2 of that damage. If you prevent damage this way, create a Blade Dance token.",Warrior Instant,,,,,R,,,Mario Wibisono,,,MPW073,https://legendstory-production-s3-public.s3.amazonaws.com/media/cards/large/MPW073.webp,,,R,R,,Mario Wibisono,,,MPW073,https://legendstory-production-s3-public.s3.amazonaws.com/media/cards/large/MPW073-RF.webp,,,,,,Mario Wibisono,,,MPW073,,,,,,,,,,,,,,,,,,,,,,,,,
MPW074,MPW,Toe the Line,Red,1,0,,,,,,"Warrior, Instant",,,,,,,,"The next time you would be dealt damage this turn, prevent 2 of that damage. If you prevent damage this way, create a Flurry token.",Warrior Instant,,,,,R,,,Mario Wibisono,,,MPW074,https://legendstory-production-s3-public.s3.amazonaws.com/media/cards/large/MPW074.webp,,,R,R,,Mario Wibisono,,,MPW074,https://legendstory-production-s3-public.s3.amazonaws.com/media/cards/large/MPW074-RF.webp,,,,,,Mario Wibisono,,,MPW074,,,,,,,,,,,,,,,,,,,,,,,,,
MPW075,MPW,A Moment's Peace,Blue,3,,,2,,,,"Warrior, Block",,,,,,,,"When this defends a sword attack, you can't be attacked by the sword again this turn.",Warrior Block,,,,,R,,,Nino Setiawan,,,MPW075,https://legendstory-production-s3-public.s3.amazonaws.com/media/cards/large/MPW075.webp,,,R,R,,Nino Setiawan,,,MPW075,https://legendstory-production-s3-public.s3.amazonaws.com/media/cards/large/MPW075-RF.webp,,,,,,Nino Setiawan,,,MPW075,,,,,,,,,,,,,,,,,,,,,,,,,
MPW076,MPW,Big Blinder,Red,1,2,,2,,,,"Warrior, Attack Reaction",,Wager,,,,,,Target sword attack gets +4{p} and **wagers** with the defending hero. The winner creates a Flurry token.,Warrior Attack Reaction,,,,,C,,,Galih M,,,MPW076,https://legendstory-production-s3-public.s3.amazonaws.com/media/cards/large/MPW076.webp,,,C,R,,Galih M,,,MPW076,https://legendstory-production-s3-public.s3.amazonaws.com/media/cards/large/MPW076-RF.webp,,,,,,Galih M,,,MPW076,,,,,,,,,,,,,,,,,,,,,,,,,
MPW077,MPW,Big Blinder,Yellow,2,2,,2,,,,"Warrior, Attack Reaction",,Wager,,,,,,Target sword attack gets +3{p} and **wagers** with the defending hero. The winner creates a Flurry token.,Warrior Attack Reaction,,,,,C,,,Galih M,,,MPW077,https://legendstory-production-s3-public.s3.amazonaws.com/media/cards/large/MPW077.webp,,,C,R,,Galih M,,,MPW077,https://legendstory-production-s3-public.s3.amazonaws.com/media/cards/large/MPW077-RF.webp,,,,,,Galih M,,,MPW077,,,,,,,,,,,,,,,,,,,,,,,,,
MPW078,MPW,Big Blinder,Blue,3,2,,2,,,,"Warrior, Attack Reaction",,Wager,,,,,,Target sword attack gets +2{p} and **wagers** with the defending hero. The winner creates a Flurry token.,Warrior Attack Reaction,,,,,C,,,Galih M,,,MPW078,https://legendstory-production-s3-public.s3.amazonaws.com/media/cards/large/MPW078.webp,,,C,R,,Galih M,,,MPW078,https://legendstory-production-s3-public.s3.amazonaws.com/media/cards/large/MPW078-RF.webp,,,,,,Galih M,,,MPW078,,,,,,,,,,,,,,,,,,,,,,,,,
MPW079,MPW,Carve Up,Yellow,2,0,,3,,,,"Warrior, Attack Reaction",,,,,,,,"Target weapon attack gets ""When this hits a hero, you may remove a +1{p} counter from this weapon. If you do, destroy a card in their arsenal.""",Warrior Attack Reaction,,,,,C,,,Ismatulloh,,,MPW079,https://legendstory-production-s3-public.s3.amazonaws.com/media/cards/large/MPW079.webp,,,C,R,,Ismatulloh,,,MPW079,https://legendstory-production-s3-public.s3.amazonaws.com/media/cards/large/MPW079-RF.webp,,,,,,Ismatulloh,,,MPW079,,,,,,,,,,,,,,,,,,,,,,,,,
MPW080,MPW,Deadly Display,Red,1,1,,2,,,,"Warrior, Attack Reaction",,,,,,,,"Target weapon attack gets +3{p}. If the weapon has been sharpened this turn, the attack gets ""When this hits a hero, create a Flurry token.""",Warrior Attack Reaction,,,,,C,,,Narendra B Adi,,,MPW080,https://legendstory-production-s3-public.s3.amazonaws.com/media/cards/large/MPW080.webp,,,C,R,,Narendra B Adi,,,MPW080,https://legendstory-production-s3-public.s3.amazonaws.com/media/cards/large/MPW080-RF.webp,,,,,,Narendra B Adi,,,MPW080,,,,,,,,,,,,,,,,,,,,,,,,,
MPW081,MPW,Deadly Display,Yellow,2,1,,2,,,,"Warrior, Attack Reaction",,,,,,,,"Target weapon attack gets +2{p}. If the weapon has been sharpened this turn, the attack gets ""When this hits a hero, create a Flurry token.""",Warrior Attack Reaction,,,,,C,,,Narendra B Adi,,,MPW081,https://legendstory-production-s3-public.s3.amazonaws.com/media/cards/large/MPW081.webp,,,C,R,,Narendra B Adi,,,MPW081,https://legendstory-production-s3-public.s3.amazonaws.com/media/cards/large/MPW081-RF.webp,,,,,,Narendra B Adi,,,MPW081,,,,,,,,,,,,,,,,,,,,,,,,,
MPW082,MPW,Deadly Display,Blue,3,1,,2,,,,"Warrior, Attack Reaction",,,,,,,,"Target weapon attack gets +1{p}. If the weapon has been sharpened this turn, the attack gets ""When this hits a hero, create a Flurry token.""",Warrior Attack Reaction,,,,,C,,,Narendra B Adi,,,MPW082,https://legendstory-production-s3-public.s3.amazonaws.com/media/cards/large/MPW082.webp,,,C,R,,Narendra B Adi,,,MPW082,https://legendstory-production-s3-public.s3.amazonaws.com/media/cards/large/MPW082-RF.webp,,,,,,Narendra B Adi,,,MPW082,,,,,,,,,,,,,,,,,,,,,,,,,
MPW083,MPW,Dice Up,Blue,3,0,,3,,,,"Warrior, Attack Reaction",,,,,,,,"Target weapon attack gets ""When this hits a hero, you may remove a +1{p} counter from this weapon. If you do, destroy an aura they control.""",Warrior Attack Reaction,,,,,C,,,Ismatulloh,,,MPW083,https://legendstory-production-s3-public.s3.amazonaws.com/media/cards/large/MPW083.webp,,,C,R,,Ismatulloh,,,MPW083,https://legendstory-production-s3-public.s3.amazonaws.com/media/cards/large/MPW083-RF.webp,,,,,,Ismatulloh,,,MPW083,,,,,,,,,,,,,,,,,,,,,,,,,
MPW084,MPW,In the Swing,Red,1,,,,,,,,,,,,,,,,,,,,,,,,Bramasta Aji,,,MPW084,https://legendstory-production-s3-public.s3.amazonaws.com/media/cards/large/MPW084.webp,,,,,,Bramasta Aji,,,MPW084,https://legendstory-production-s3-public.s3.amazonaws.com/media/cards/large/MPW084.webp,,,,,,Bramasta Aji,,,MPW084,,,,,,,,,,,,,,,,,,,,,,,,,
MPW085,MPW,Ironsong Response,Red,1,0,,3,,,,"Warrior, Attack Reaction",,Reprise,,,,,,"**Reprise** - If the defending hero has defended with a card from their hand this chain link, target weapon attack gets +3{p}.",Warrior Attack Reaction,,,,,C,,,Anastasiya Grintsova,,,MPW085,https://legendstory-production-s3-public.s3.amazonaws.com/media/cards/large/MPW085.webp,,,,,,Anastasiya Grintsova,,,MPW085,https://legendstory-production-s3-public.s3.amazonaws.com/media/cards/large/MPW085.webp,,,,,,Anastasiya Grintsova,,,MPW085,,,,,,,,,,,,,,,,,,,,,,,,,
MPW086,MPW,Silverdrop Downpour,Red,1,2,,2,,,,"Warrior, Attack Reaction",,,,,,,,"Target weapon attack gets +4{p}.

If the weapon has been sharpened this turn, this costs {r} less to play.",Warrior Attack Reaction,,,,,C,,,Tomi Ong,,,MPW086,https://legendstory-production-s3-public.s3.amazonaws.com/media/cards/large/MPW086.webp,,,C,R,,Tomi Ong,,,MPW086,https://legendstory-production-s3-public.s3.amazonaws.com/media/cards/large/MPW086-RF.webp,,,,,,Tomi Ong,,,MPW086,,,,,,,,,,,,,,,,,,,,,,,,,
MPW087,MPW,Silverdrop Downpour,Yellow,2,2,,2,,,,"Warrior, Attack Reaction",,,,,,,,"Target weapon attack gets +3{p}.

If the weapon has been sharpened this turn, this costs {r} less to play.",Warrior Attack Reaction,,,,,C,,,Tomi Ong,,,MPW087,https://legendstory-production-s3-public.s3.amazonaws.com/media/cards/large/MPW087.webp,,,C,R,,Tomi Ong,,,MPW087,https://legendstory-production-s3-public.s3.amazonaws.com/media/cards/large/MPW087-RF.webp,,,,,,Tomi Ong,,,MPW087,,,,,,,,,,,,,,,,,,,,,,,,,
MPW088,MPW,Silverdrop Downpour,Blue,3,2,,2,,,,"Warrior, Attack Reaction",,,,,,,,"Target weapon attack gets +2{p}.

If the weapon has been sharpened this turn, this costs {r} less to play.",Warrior Attack Reaction,,,,,C,,,Tomi Ong,,,MPW088,https://legendstory-production-s3-public.s3.amazonaws.com/media/cards/large/MPW088.webp,,,C,R,,Tomi Ong,,,MPW088,https://legendstory-production-s3-public.s3.amazonaws.com/media/cards/large/MPW088-RF.webp,,,,,,Tomi Ong,,,MPW088,,,,,,,,,,,,,,,,,,,,,,,,,
MPW089,MPW,Slice Up,Red,1,0,,3,,,,"Warrior, Attack Reaction",,,,,,,,"Target weapon attack gets ""When this hits a hero, you may remove a +1{p} counter from this weapon. If you do, they discard a card.""",Warrior Attack Reaction,,,,,C,,,Ismatulloh,,,MPW089,https://legendstory-production-s3-public.s3.amazonaws.com/media/cards/large/MPW089.webp,,,C,R,,Ismatulloh,,,MPW089,https://legendstory-production-s3-public.s3.amazonaws.com/media/cards/large/MPW089-RF.webp,,,,,,Ismatulloh,,,MPW089,,,,,,,,,,,,,,,,,,,,,,,,,
MPW090,MPW,Small Blinder,Red,1,2,,2,,,,"Warrior, Attack Reaction",,Wager,,,,,,Target sword attack gets +4{p} and **wagers** with the defending hero. The winner creates a Blade Dance token.,Warrior Attack Reaction,,,,,C,,,Petrinda Wiyugo,,,MPW090,https://legendstory-production-s3-public.s3.amazonaws.com/media/cards/large/MPW090.webp,,,C,R,,Petrinda Wiyugo,,,MPW090,https://legendstory-production-s3-public.s3.amazonaws.com/media/cards/large/MPW090-RF.webp,,,,,,Petrinda Wiyugo,,,MPW090,,,,,,,,,,,,,,,,,,,,,,,,,
MPW091,MPW,Small Blinder,Yellow,2,2,,2,,,,"Warrior, Attack Reaction",,Wager,,,,,,Target sword attack gets +3{p} and **wagers** with the defending hero. The winner creates a Blade Dance token.,Warrior Attack Reaction,,,,,C,,,Petrinda Wiyugo,,,MPW091,https://legendstory-production-s3-public.s3.amazonaws.com/media/cards/large/MPW091.webp,,,C,R,,Petrinda Wiyugo,,,MPW091,https://legendstory-production-s3-public.s3.amazonaws.com/media/cards/large/MPW091-RF.webp,,,,,,Petrinda Wiyugo,,,MPW091,,,,,,,,,,,,,,,,,,,,,,,,,
MPW092,MPW,Small Blinder,Blue,3,2,,2,,,,"Warrior, Attack Reaction",,Wager,,,,,,Target sword attack gets +2{p} and **wagers** with the defending hero. The winner creates a Blade Dance token.,Warrior Attack Reaction,,,,,C,,,Petrinda Wiyugo,,,MPW092,https://legendstory-production-s3-public.s3.amazonaws.com/media/cards/large/MPW092.webp,,,C,R,,Petrinda Wiyugo,,,MPW092,https://legendstory-production-s3-public.s3.amazonaws.com/media/cards/large/MPW092-RF.webp,,,,,,Petrinda Wiyugo,,,MPW092,,,,,,,,,,,,,,,,,,,,,,,,,
MPW093,MPW,Take the Upper Hand,Red,1,0,,3,,,,"Warrior, Attack Reaction",,,,,,,,"Play this only if you've wagered this chain link.

Target attack gets +3{p}.",Warrior Attack Reaction,,,,,C,,,Faizal Fikri,,,MPW093,https://legendstory-production-s3-public.s3.amazonaws.com/media/cards/large/MPW093.webp,,,C,R,,Faizal Fikri,,,MPW093,https://legendstory-production-s3-public.s3.amazonaws.com/media/cards/large/MPW093-RF.webp,,,,,,Faizal Fikri,,,MPW093,,,,,,,,,,,,,,,,,,,,,,,,,
MPW094,MPW,Take the Upper Hand,Yellow,2,0,,3,,,,"Warrior, Attack Reaction",,,,,,,,"Play this only if you've wagered this chain link.

Target attack gets +2{p}.",Warrior Attack Reaction,,,,,C,,,Faizal Fikri,,,MPW094,https://legendstory-production-s3-public.s3.amazonaws.com/media/cards/large/MPW094.webp,,,C,R,,Faizal Fikri,,,MPW094,https://legendstory-production-s3-public.s3.amazonaws.com/media/cards/large/MPW094-RF.webp,,,,,,Faizal Fikri,,,MPW094,https://legendstory-production-s3-public.s3.amazonaws.com/media/cards/large/OMN094-MV_BACK.webp,,,,,,,,,,,,,,,,,,,,,,,,
MPW095,MPW,Take the Upper Hand,Blue,3,0,,3,,,,"Warrior, Attack Reaction",,,,,,,,"Play this only if you've wagered this chain link.

Target attack gets +1{p}.",Warrior Attack Reaction,,,,,C,,,Faizal Fikri,,,MPW095,https://legendstory-production-s3-public.s3.amazonaws.com/media/cards/large/MPW095.webp,,,C,R,,Faizal Fikri,,,MPW095,https://legendstory-production-s3-public.s3.amazonaws.com/media/cards/large/MPW095-RF.webp,,,,,,Faizal Fikri,,,MPW095,https://legendstory-production-s3-public.s3.amazonaws.com/media/cards/large/OMN095-MV_BACK.webp,,,,,,,,,,,,,,,,,,,,,,,,
MPW096,MPW,Steel on Steel,Red,1,0,,3,,,,"Warrior, Defense Reaction",,,,,,,,"While this is defending a weapon attack, this gets +1{d}.",Warrior Defense Reaction,,,,,C,,,Kevin Sidharta,,,MPW096,https://legendstory-production-s3-public.s3.amazonaws.com/media/cards/large/MPW096.webp,,,C,R,,Kevin Sidharta,,,MPW096,https://legendstory-production-s3-public.s3.amazonaws.com/media/cards/large/MPW096-RF.webp,,,,,,Kevin Sidharta,,,MPW096,,,,,,,,,,,,,,,,,,,,,,,,,
MPW097,MPW,Steel on Steel,Yellow,2,0,,2,,,,"Warrior, Defense Reaction",,,,,,,,"While this is defending a weapon attack, this gets +1{d}.",Warrior Defense Reaction,,,,,C,,,Kevin Sidharta,,,MPW097,https://legendstory-production-s3-public.s3.amazonaws.com/media/cards/large/MPW097.webp,,,C,R,,Kevin Sidharta,,,MPW097,https://legendstory-production-s3-public.s3.amazonaws.com/media/cards/large/MPW097-RF.webp,,,,,,Kevin Sidharta,,,MPW097,,,,,,,,,,,,,,,,,,,,,,,,,
MPW098,MPW,Steel on Steel,Blue,3,0,,1,,,,"Warrior, Defense Reaction",,,,,,,,"While this is defending a weapon attack, this gets +1{d}.",Warrior Defense Reaction,,,,,C,,,Kevin Sidharta,,,MPW098,https://legendstory-production-s3-public.s3.amazonaws.com/media/cards/large/MPW098.webp,,,C,R,,Kevin Sidharta,,,MPW098,https://legendstory-production-s3-public.s3.amazonaws.com/media/cards/large/MPW098-RF.webp,,,,,,Kevin Sidharta,,,MPW098,,,,,,,,,,,,,,,,,,,,,,,,,
MPW099,MPW,Check-Raise,Red,1,0,,3,,,,"Warrior, Action",,Go again,,,,,,"The next time an attack you control wagers this turn, it gets +4{p}.

**Go again**",Warrior Action,,,,,C,,,Carlos Cruchaga,,,MPW099,https://legendstory-production-s3-public.s3.amazonaws.com/media/cards/large/MPW099.webp,,,C,R,,Carlos Cruchaga,,,MPW099,https://legendstory-production-s3-public.s3.amazonaws.com/media/cards/large/MPW099-RF.webp,,,,,,Carlos Cruchaga,,,MPW099,,,,,,,,,,,,,,,,,,,,,,,,,
MPW100,MPW,Check-Raise,Yellow,2,0,,3,,,,"Warrior, Action",,Go again,,,,,,"The next time an attack you control wagers this turn, it gets +3{p}.

**Go again**",Warrior Action,,,,,C,,,Carlos Cruchaga,,,MPW100,https://legendstory-production-s3-public.s3.amazonaws.com/media/cards/large/MPW100.webp,,,C,R,,Carlos Cruchaga,,,MPW100,https://legendstory-production-s3-public.s3.amazonaws.com/media/cards/large/MPW100-RF.webp,,,,,,Carlos Cruchaga,,,MPW100,,,,,,,,,,,,,,,,,,,,,,,,,
MPW101,MPW,Check-Raise,Blue,3,0,,3,,,,"Warrior, Action",,Go again,,,,,,"The next time an attack you control wagers this turn, it gets +2{p}.

**Go again**",Warrior Action,,,,,C,,,Carlos Cruchaga,,,MPW101,https://legendstory-production-s3-public.s3.amazonaws.com/media/cards/large/MPW101.webp,,,C,R,,Carlos Cruchaga,,,MPW101,https://legendstory-production-s3-public.s3.amazonaws.com/media/cards/large/MPW101-RF.webp,,,,,,Carlos Cruchaga,,,MPW101,,,,,,,,,,,,,,,,,,,,,,,,,
MPW102,MPW,Driving Blade,Red,1,,,,,,,,,,,,,,,,,,,,,,,,,,,MPW102,https://legendstory-production-s3-public.s3.amazonaws.com/media/cards/large/MPW102.webp,,,,,,,,,MPW102,https://legendstory-production-s3-public.s3.amazonaws.com/media/cards/large/MPW102.webp,,,,,,,,,MPW102,,,,,,,,,,,,,,,,,,,,,,,,,
MPW103,MPW,Edict of Steel,Red,1,,,,,,,,,,,,,,,,,,,,,,,,,,,MPW103,https://legendstory-production-s3-public.s3.amazonaws.com/media/cards/large/MPW103.webp,,,C,R,,,,,MPW103,https://legendstory-production-s3-public.s3.amazonaws.com/media/cards/large/MPW103-RF.webp,,,,,,,,,MPW103,,,,,,,,,,,,,,,,,,,,,,,,,
MPW104,MPW,Edict of Steel,Yellow,2,,,,,,,,,,,,,,,,,,,,,,,,,,,MPW104,https://legendstory-production-s3-public.s3.amazonaws.com/media/cards/large/MPW104.webp,,,C,R,,,,,MPW104,https://legendstory-production-s3-public.s3.amazonaws.com/media/cards/large/MPW104-RF.webp,,,,,,,,,MPW104,,,,,,,,,,,,,,,,,,,,,,,,,
MPW105,MPW,Edict of Steel,Blue,3,,,,,,,,,,,,,,,,,,,,,,,,,,,MPW105,https://legendstory-production-s3-public.s3.amazonaws.com/media/cards/large/MPW105.webp,,,C,R,,,,,MPW105,https://legendstory-production-s3-public.s3.amazonaws.com/media/cards/large/MPW105-RF.webp,,,,,,,,,MPW105,,,,,,,,,,,,,,,,,,,,,,,,,
MPW106,MPW,Engage Steel,Red,1,0,,3,,,,"Warrior, Action",,Go again,,,,,,"Your next sword attack this turn gets +3{p} and ""If this is defended by a Warrior card, this gets +1{p}.""

**Go again**",Warrior Action,,,,,C,,,Stormy Elia Fanggidae,,,MPW106,https://legendstory-production-s3-public.s3.amazonaws.com/media/cards/large/MPW106.webp,,,C,R,,Stormy Elia Fanggidae,,,MPW106,https://legendstory-production-s3-public.s3.amazonaws.com/media/cards/large/MPW106-RF.webp,,,,,,Stormy Elia Fanggidae,,,MPW106,,,,,,,,,,,,,,,,,,,,,,,,,
MPW107,MPW,Engage Steel,Yellow,2,0,,3,,,,"Warrior, Action",,Go again,,,,,,"Your next sword attack this turn gets +3{p} and ""If this is defended by a Warrior card, this gets +1{p}.""

**Go again**",Warrior Action,,,,,C,,,Stormy Elia Fanggidae,,,MPW107,https://legendstory-production-s3-public.s3.amazonaws.com/media/cards/large/MPW107.webp,,,C,R,,Stormy Elia Fanggidae,,,MPW107,https://legendstory-production-s3-public.s3.amazonaws.com/media/cards/large/MPW107-RF.webp,,,,,,Stormy Elia Fanggidae,,,MPW107,,,,,,,,,,,,,,,,,,,,,,,,,
MPW108,MPW,Engage Steel,Blue,3,0,,3,,,,"Warrior, Action",,Go again,,,,,,"Your next sword attack this turn gets +3{p} and ""If this is defended by a Warrior card, this gets +1{p}.""

**Go again**",Warrior Action,,,,,C,,,Stormy Elia Fanggidae,,,MPW108,https://legendstory-production-s3-public.s3.amazonaws.com/media/cards/large/MPW108.webp,,,C,R,,Stormy Elia Fanggidae,,,MPW108,https://legendstory-production-s3-public.s3.amazonaws.com/media/cards/large/MPW108-RF.webp,,,,,,Stormy Elia Fanggidae,,,MPW108,,,,,,,,,,,,,,,,,,,,,,,,,
MPW109,MPW,Gutshot,Red,1,1,,3,,,,"Warrior, Action",,"Go again, Wager",,,,,,"Your next sword attack this turn gets +3{p} and ""When this attacks, **wager** with the defending hero. The winner creates a Blade Dance token.""

**Go again**",Warrior Action,,,,,C,,,Reza Aswadananta,,,MPW109,https://legendstory-production-s3-public.s3.amazonaws.com/media/cards/large/MPW109.webp,,,C,R,,Reza Aswadananta,,,MPW109,https://legendstory-production-s3-public.s3.amazonaws.com/media/cards/large/MPW109-RF.webp,,,,,,Reza Aswadananta,,,MPW109,,,,,,,,,,,,,,,,,,,,,,,,,
MPW110,MPW,Gutshot,Yellow,2,1,,3,,,,"Warrior, Action",,"Go again, Wager",,,,,,"Your next sword attack this turn gets +3{p} and ""When this attacks, **wager** with the defending hero. The winner creates a Blade Dance token.""

**Go again**",Warrior Action,,,,,C,,,Reza Aswadananta,,,MPW110,https://legendstory-production-s3-public.s3.amazonaws.com/media/cards/large/MPW110.webp,,,C,R,,Reza Aswadananta,,,MPW110,https://legendstory-production-s3-public.s3.amazonaws.com/media/cards/large/MPW110-RF.webp,,,,,,Reza Aswadananta,,,MPW110,,,,,,,,,,,,,,,,,,,,,,,,,
MPW111,MPW,Gutshot,Blue,3,1,,3,,,,"Warrior, Action",,"Go again, Wager",,,,,,"Your next sword attack this turn gets +3{p} and ""When this attacks, **wager** with the defending hero. The winner creates a Blade Dance token.""

**Go again**",Warrior Action,,,,,C,,,Reza Aswadananta,,,MPW111,https://legendstory-production-s3-public.s3.amazonaws.com/media/cards/large/MPW111.webp,,,C,R,,Reza Aswadananta,,,MPW111,https://legendstory-production-s3-public.s3.amazonaws.com/media/cards/large/MPW111-RF.webp,,,,,,Reza Aswadananta,,,MPW111,,,,,,,,,,,,,,,,,,,,,,,,,
MPW112,MPW,Hit and Run,Red,1,,,,,,,,,,,,,,,,,,,,,,,,,,,MPW112,https://legendstory-production-s3-public.s3.amazonaws.com/media/cards/large/MPW112.webp,,,,,,,,,MPW112,https://legendstory-production-s3-public.s3.amazonaws.com/media/cards/large/MPW112.webp,,,,,,,,,MPW112,,,,,,,,,,,,,,,,,,,,,,,,,
MPW113,MPW,Hit and Run,Yellow,2,,,,,,,,,,,,,,,,,,,,,,,,,,,MPW113,https://legendstory-production-s3-public.s3.amazonaws.com/media/cards/large/MPW113.webp,,,,,,,,,MPW113,https://legendstory-production-s3-public.s3.amazonaws.com/media/cards/large/MPW113.webp,,,,,,,,,MPW113,,,,,,,,,,,,,,,,,,,,,,,,,
MPW114,MPW,Hit and Run,Blue,3,,,,,,,,,,,,,,,,,,,,,,,,,,,MPW114,https://legendstory-production-s3-public.s3.amazonaws.com/media/cards/large/MPW114.webp,,,,,,,,,MPW114,https://legendstory-production-s3-public.s3.amazonaws.com/media/cards/large/MPW114.webp,,,,,,,,,MPW114,,,,,,,,,,,,,,,,,,,,,,,,,
MPW115,MPW,Jive,Blue,3,0,,3,,,,"Warrior, Action",,,,,,,,Create a Blade Dance token.,Warrior Action,,,,,C,,,Rio Sabda,,,MPW115,https://legendstory-production-s3-public.s3.amazonaws.com/media/cards/large/MPW115.webp,,,C,R,,Rio Sabda,,,MPW115,https://legendstory-production-s3-public.s3.amazonaws.com/media/cards/large/MPW115-RF.webp,,,,,,Rio Sabda,,,MPW115,,,,,,,,,,,,,,,,,,,,,,,,,
MPW116,MPW,Nature's Path Pilgrimage,Red,1,,,,,,,,,,,,,,,,,,,,,,,,,,,MPW116,https://legendstory-production-s3-public.s3.amazonaws.com/media/cards/large/MPW116.webp,,,,,,,,,MPW116,https://legendstory-production-s3-public.s3.amazonaws.com/media/cards/large/MPW116.webp,,,,,,,,,MPW116,,,,,,,,,,,,,,,,,,,,,,,,,
MPW117,MPW,Push Forward,Red,1,,,,,,,,,,,,,,,,,,,,,,,,,,,MPW117,https://legendstory-production-s3-public.s3.amazonaws.com/media/cards/large/MPW117.webp,,,,,,,,,MPW117,https://legendstory-production-s3-public.s3.amazonaws.com/media/cards/large/MPW117.webp,,,,,,,,,MPW117,,,,,,,,,,,,,,,,,,,,,,,,,
MPW118,MPW,Second Swing,Red,1,,,,,,,,,,,,,,,,,,,,,,,,,,,MPW118,https://legendstory-production-s3-public.s3.amazonaws.com/media/cards/large/MPW118.webp,,,,,,,,,MPW118,https://legendstory-production-s3-public.s3.amazonaws.com/media/cards/large/MPW118.webp,,,,,,,,,MPW118,,,,,,,,,,,,,,,,,,,,,,,,,
MPW119,MPW,Sharp Incline,Red,1,,,,,,,,,,,,,,,,,,,,,,,,,,,MPW119,https://legendstory-production-s3-public.s3.amazonaws.com/media/cards/large/MPW119.webp,,,C,R,,,,,MPW119,https://legendstory-production-s3-public.s3.amazonaws.com/media/cards/large/MPW119-RF.webp,,,,,,,,,MPW119,,,,,,,,,,,,,,,,,,,,,,,,,
MPW120,MPW,Sharp Incline,Yellow,2,,,,,,,,,,,,,,,,,,,,,,,,,,,MPW120,https://legendstory-production-s3-public.s3.amazonaws.com/media/cards/large/MPW120.webp,,,C,R,,,,,MPW120,https://legendstory-production-s3-public.s3.amazonaws.com/media/cards/large/MPW120-RF.webp,,,,,,,,,MPW120,,,,,,,,,,,,,,,,,,,,,,,,,
MPW121,MPW,Sharp Incline,Blue,3,0,,3,,,,"Warrior, Action",,"Sharpen, Go again",,,,,,"**Sharpen** target sword you control.

If it has 1 or more +1{p} counters, your next attack with it this turn costs {r} less to activate.

**Go again**",Warrior Action,,,,,C,,,Tommy Suhartono,,,MPW121,https://legendstory-production-s3-public.s3.amazonaws.com/media/cards/large/MPW121.webp,,,C,R,,Tommy Suhartono,,,MPW121,https://legendstory-production-s3-public.s3.amazonaws.com/media/cards/large/MPW121-RF.webp,,,,,,Tommy Suhartono,,,MPW121,,,,,,,,,,,,,,,,,,,,,,,,,
MPW122,MPW,Sharpen Steel,Red,1,,,,,,,,,,,,,,,,,,,,,,,,,,,MPW122,https://legendstory-production-s3-public.s3.amazonaws.com/media/cards/large/MPW122.webp,,,,,,,,,MPW122,https://legendstory-production-s3-public.s3.amazonaws.com/media/cards/large/MPW122.webp,,,,,,,,,MPW122,,,,,,,,,,,,,,,,,,,,,,,,,
MPW123,MPW,Sharp 'n Shine,Red,1,0,,3,,,,"Warrior, Action",,"Sharpen, Go again",,,,,,"**Sharpen** target sword you control.

If it has 1 or more +1{p} counters, create a Blade Dance token.

**Go again**",Warrior Action,,,,,C,,,Firaz M. Rasyid,,,MPW123,https://legendstory-production-s3-public.s3.amazonaws.com/media/cards/large/MPW123.webp,,,C,R,,Firaz M. Rasyid,,,MPW123,https://legendstory-production-s3-public.s3.amazonaws.com/media/cards/large/MPW123-RF.webp,,,,,,Firaz M. Rasyid,,,MPW123,,,,,,,,,,,,,,,,,,,,,,,,,
MPW124,MPW,Sharp 'n Shine,Yellow,2,0,,3,,,,"Warrior, Action",,"Sharpen, Go again",,,,,,"**Sharpen** target sword you control.

If it has 2 or more +1{p} counters, create a Blade Dance token.

**Go again**",Warrior Action,,,,,C,,,Firaz M. Rasyid,,,MPW124,https://legendstory-production-s3-public.s3.amazonaws.com/media/cards/large/MPW124.webp,,,C,R,,Firaz M. Rasyid,,,MPW124,https://legendstory-production-s3-public.s3.amazonaws.com/media/cards/large/MPW124-RF.webp,,,,,,Firaz M. Rasyid,,,MPW124,,,,,,,,,,,,,,,,,,,,,,,,,
MPW125,MPW,Sharp 'n Shine,Blue,3,0,,3,,,,"Warrior, Action",,"Sharpen, Go again",,,,,,"**Sharpen** target sword you control.

If it has 3 or more +1{p} counters, create a Blade Dance token.

**Go again**",Warrior Action,,,,,C,,,Firaz M. Rasyid,,,MPW125,https://legendstory-production-s3-public.s3.amazonaws.com/media/cards/large/MPW125.webp,,,C,R,,Firaz M. Rasyid,,,MPW125,https://legendstory-production-s3-public.s3.amazonaws.com/media/cards/large/MPW125-RF.webp,,,,,,Firaz M. Rasyid,,,MPW125,,,,,,,,,,,,,,,,,,,,,,,,,
MPW126,MPW,Showdown,Red,1,1,,3,,,,"Warrior, Action",,"Wager, Go again",,,,,,"Your next sword attack this turn gets +3{p} and ""When this attacks, **wager** with the defending hero. The winner creates a Flurry token.

**Go again**",Warrior Action,,,,,C,,,M Fakhrur Rozzi,,,MPW126,https://legendstory-production-s3-public.s3.amazonaws.com/media/cards/large/MPW126.webp,,,C,R,,M Fakhrur Rozzi,,,MPW126,https://legendstory-production-s3-public.s3.amazonaws.com/media/cards/large/MPW126-RF.webp,,,,,,M Fakhrur Rozzi,,,MPW126,,,,,,,,,,,,,,,,,,,,,,,,,
MPW127,MPW,Showdown,Yellow,2,1,,3,,,,"Warrior, Action",,"Wager, Go again",,,,,,"Your next sword attack this turn gets +2{p} and ""When this attacks, **wager** with the defending hero. The winner creates a Flurry token.

**Go again**",Warrior Action,,,,,C,,,M Fakhrur Rozzi,,,MPW127,https://legendstory-production-s3-public.s3.amazonaws.com/media/cards/large/MPW127.webp,,,C,R,,M Fakhrur Rozzi,,,MPW127,https://legendstory-production-s3-public.s3.amazonaws.com/media/cards/large/MPW127-RF.webp,,,,,,M Fakhrur Rozzi,,,MPW127,,,,,,,,,,,,,,,,,,,,,,,,,
MPW128,MPW,Showdown,Blue,3,1,,3,,,,"Warrior, Action",,"Wager, Go again",,,,,,"Your next sword attack this turn gets +1{p} and ""When this attacks, **wager** with the defending hero. The winner creates a Flurry token.

**Go again**",Warrior Action,,,,,C,,,M Fakhrur Rozzi,,,MPW128,https://legendstory-production-s3-public.s3.amazonaws.com/media/cards/large/MPW128.webp,,,C,R,,M Fakhrur Rozzi,,,MPW128,https://legendstory-production-s3-public.s3.amazonaws.com/media/cards/large/MPW128-RF.webp,,,,,,M Fakhrur Rozzi,,,MPW128,,,,,,,,,,,,,,,,,,,,,,,,,
MPW129,MPW,Shuck,Blue,3,,,,,,,,,,,,,,,,,,,,,,,,,,,MPW129,https://legendstory-production-s3-public.s3.amazonaws.com/media/cards/large/MPW129.webp,,,C,R,,,,,MPW129,https://legendstory-production-s3-public.s3.amazonaws.com/media/cards/large/MPW129-RF.webp,,,,,,,,,MPW129,,,,,,,,,,,,,,,,,,,,,,,,,
MPW130,MPW,Swordmaster's Path,Red,1,,,,,,,,,,,,,,,,,,,,,,,,,,,MPW130,https://legendstory-production-s3-public.s3.amazonaws.com/media/cards/large/MPW130.webp,,,,,,,,,MPW130,https://legendstory-production-s3-public.s3.amazonaws.com/media/cards/large/MPW130.webp,,,,,,,,,MPW130,,,,,,,,,,,,,,,,,,,,,,,,,
MPW131,MPW,Swordmaster's Path,Yellow,2,1,,3,,,,"Warrior, Action",,"Sharpen, Go again",,,,,,"Your next sword attack this turn gets +2{p}.

The next time you would sharpen a sword this turn, instead **sharpen** it an additional time.

**Go again**",Warrior Action,,,,,C,,,Wirawan Pranoto,,,MPW131,https://legendstory-production-s3-public.s3.amazonaws.com/media/cards/large/MPW131.webp,,,C,R,,Wirawan Pranoto,,,MPW131,https://legendstory-production-s3-public.s3.amazonaws.com/media/cards/large/MPW131-RF.webp,,,,,,Wirawan Pranoto,,,MPW131,,,,,,,,,,,,,,,,,,,,,,,,,
MPW132,MPW,Swordmaster's Path,Blue,3,,,,,,,,,,,,,,,,,,,,,,,,,,,MPW132,https://legendstory-production-s3-public.s3.amazonaws.com/media/cards/large/MPW132.webp,,,,,,,,,MPW132,https://legendstory-production-s3-public.s3.amazonaws.com/media/cards/large/MPW132.webp,,,,,,,,,MPW132,,,,,,,,,,,,,,,,,,,,,,,,,
MPW133,MPW,Heavy Swing,Red,1,0,,3,,,,"Warrior, Action, Aura",,,,,,,,"At the start of your turn, destroy this and your next sword attack this turn gets +3{p}.",Warrior Action - Aura,,,,,C,,,Alif Zahrah,,,MPW133,https://legendstory-production-s3-public.s3.amazonaws.com/media/cards/large/MPW133.webp,,,C,R,,Alif Zahrah,,,MPW133,https://legendstory-production-s3-public.s3.amazonaws.com/media/cards/large/MPW133-RF.webp,,,,,,Alif Zahrah,,,MPW133,,,,,,,,,,,,,,,,,,,,,,,,,
MPW134,MPW,Blade Dance,,,,,,,,,"Warrior, Token, Aura",,,,,Go again,,,"When you activate a weapon attack, destroy this and the attack gets **go again**.",Warrior Token - Aura,,,,,B,,,Sariya Asavametha,,,MPW134,https://legendstory-production-s3-public.s3.amazonaws.com/media/cards/large/MPW134.webp,,,V,C,FA,Sariya Asavametha,,,MPW134,https://legendstory-production-s3-public.s3.amazonaws.com/media/cards/large/MPW134-MV.webp,,,V,C,FA,Sariya Asavametha,,,MPW134,https://legendstory-production-s3-public.s3.amazonaws.com/media/cards/large/MPW134-MV_BACK.webp,,,,,,,,,,,,,,,,,,,,,,,,
MPW135,MPW,Flurry,,,,,,,,,,,,,,,,,,,,,,,V,C,FA,Faizal Fikri,,,MPW135,https://legendstory-production-s3-public.s3.amazonaws.com/media/cards/large/MPW135-MV.webp,,,V,C,FA,Faizal Fikri,,,MPW135,https://legendstory-production-s3-public.s3.amazonaws.com/media/cards/large/MPW135-MV_BACK.webp,,,,,,Faizal Fikri,,,MPW135,,,,,,,,,,,,,,,,,,,,,,,,,
MPW136,MPW,Hope Merchant's Hood,,,,,,,,,,,,,,,,,,,,,,,,,,,,,MPW136,https://legendstory-production-s3-public.s3.amazonaws.com/media/cards/large/MPW136.webp,,,,,,,,,MPW136,https://legendstory-production-s3-public.s3.amazonaws.com/media/cards/large/MPW136.webp,,,,,,,,,MPW136,,,,,,,,,,,,,,,,,,,,,,,,,
MPW137,MPW,Deep Blue,,,,,,,,,,,,,,,,,,,,,,,,,,,,,MPW137,https://legendstory-production-s3-public.s3.amazonaws.com/media/cards/large/MPW137.webp,,,,,,,,,MPW137,https://legendstory-production-s3-public.s3.amazonaws.com/media/cards/large/MPW137.webp,,,,,,,,,MPW137,,,,,,,,,,,,,,,,,,,,,,,,,
MPW138,MPW,Clip Flexor,,,,,0,,,,"Generic, Equipment, Arms",,,,,,,,**Defense Reaction** - Destroy this: You may add an attack reaction card from your hand to the active chain link as a defending card.,Generic Equipment - Arms,,,,,C,,,Nadia Suryani,,,MPW138,https://legendstory-production-s3-public.s3.amazonaws.com/media/cards/large/MPW138.webp,,,C,C,,Nadia Suryani,,,MPW138,https://legendstory-production-s3-public.s3.amazonaws.com/media/cards/large/MPW138-CF.webp,,,,,,Nadia Suryani,,,MPW138,,,,,,,,,,,,,,,,,,,,,,,,,
MPW139,MPW,Vigilant Dodgers,,,,,0,,,,"Generic, Equipment, Legs",,,,,,,,**Instant** - Destroy this: Prevent the next 1 damage that would be dealt to you this turn. Activate this only if a weapon has attacked this turn.,Generic Equipment - Legs,,,,,C,,,Andi Cahyo W,,,MPW139,https://legendstory-production-s3-public.s3.amazonaws.com/media/cards/large/MPW139.webp,,,C,C,,Andi Cahyo W,,,MPW139,https://legendstory-production-s3-public.s3.amazonaws.com/media/cards/large/MPW139-CF.webp,,,,,,Andi Cahyo W,,,MPW139,,,,,,,,,,,,,,,,,,,,,,,,,
MPW140,MPW,Olde Leather Helm,,,,,0,,,,"Generic, Equipment, Head",,Blade Break,,,,,,"If you've been attacked 2 or more times this turn, this gets +2{d}.

**Blade Break**",Generic Equipment - Head,,,,,C,,,Mariusz Gandzel,,,MPW140,https://legendstory-production-s3-public.s3.amazonaws.com/media/cards/large/MPW140.webp,,,C,C,,Mariusz Gandzel,,,MPW140,https://legendstory-production-s3-public.s3.amazonaws.com/media/cards/large/MPW140-CF.webp,,,,,,Mariusz Gandzel,,,MPW140,,,,,,,,,,,,,,,,,,,,,,,,,
MPW141,MPW,Olde Leather Plate,,,,,0,,,,"Generic, Equipment, Chest",,Blade Break,,,,,,"If you've been attacked 2 or more times this turn, this gets +2{d}.

**Blade Break**",Generic Equipment - Chest,,,,,C,,,Mariusz Gandzel,,,MPW141,https://legendstory-production-s3-public.s3.amazonaws.com/media/cards/large/MPW141.webp,,,C,C,,Mariusz Gandzel,,,MPW141,https://legendstory-production-s3-public.s3.amazonaws.com/media/cards/large/MPW141-CF.webp,,,,,,Mariusz Gandzel,,,MPW141,,,,,,,,,,,,,,,,,,,,,,,,,
MPW142,MPW,Olde Leather Gloves,,,,,0,,,,"Generic, Equipment, Arms",,Blade Break,,,,,,"If you've been attacked 2 or more times this turn, this gets +2{d}.

**Blade Break**",Generic Equipment - Arms,,,,,C,,,Mariusz Gandzel,,,MPW142,https://legendstory-production-s3-public.s3.amazonaws.com/media/cards/large/MPW142.webp,,,C,C,,Mariusz Gandzel,,,MPW142,https://legendstory-production-s3-public.s3.amazonaws.com/media/cards/large/MPW142-CF.webp,,,,,,Mariusz Gandzel,,,MPW142,,,,,,,,,,,,,,,,,,,,,,,,,
MPW143,MPW,Olde Leather Boots,,,,,0,,,,"Generic, Equipment, Legs",,Blade Break,,,,,,"If you've been attacked 2 or more times this turn, this gets +2{d}.

**Blade Break**",Generic Equipment - Legs,,,,,C,,,Mariusz Gandzel,,,MPW143,https://legendstory-production-s3-public.s3.amazonaws.com/media/cards/large/MPW143.webp,,,C,C,,Mariusz Gandzel,,,MPW143,https://legendstory-production-s3-public.s3.amazonaws.com/media/cards/large/MPW143-CF.webp,,,,,,Mariusz Gandzel,,,MPW143,,,,,,,,,,,,,,,,,,,,,,,,,
MPW144,MPW,Peaceful Sanctuary,Red,1,0,,3,,,,"Generic, Action, Aura",,,,,,,,"Heroes can't create aura tokens.

At the start of your action phase, destroy this.",Generic Action - Aura,,,,,M,,,Nailsen Ivanderlie,,,MPW144,https://legendstory-production-s3-public.s3.amazonaws.com/media/cards/large/MPW144.webp,,,M,R,,Nailsen Ivanderlie,,,MPW144,https://legendstory-production-s3-public.s3.amazonaws.com/media/cards/large/MPW144-RF.webp,,,,,,Nailsen Ivanderlie,,,MPW144,,,,,,,,,,,,,,,,,,,,,,,,,
MPW145,MPW,Thwart,Yellow,2,,,3,,,,"Generic, Block",,,,,,,,"When this defends, remove all +1{p} counters from the attacking card.",Generic Block,,,,,M,,,Raynor Maharsi,,,MPW145,https://legendstory-production-s3-public.s3.amazonaws.com/media/cards/large/MPW145.webp,,,M,R,,Raynor Maharsi,,,MPW145,https://legendstory-production-s3-public.s3.amazonaws.com/media/cards/large/MPW145-RF.webp,,,,,,Raynor Maharsi,,,MPW145,,,,,,,,,,,,,,,,,,,,,,,,,
MPW146,MPW,Energy Potion,Blue,3,,,,,,,,,,,,,,,,,,,,,,,,,,,MPW146,https://legendstory-production-s3-public.s3.amazonaws.com/media/cards/large/MPW146.webp,,,,,,,,,MPW146,https://legendstory-production-s3-public.s3.amazonaws.com/media/cards/large/MPW146.webp,,,,,,,,,MPW146,,,,,,,,,,,,,,,,,,,,,,,,,
MPW147,MPW,Timesnap Potion,Blue,3,,,,,,,,,,,,,,,,,,,,,,,,,,,MPW147,https://legendstory-production-s3-public.s3.amazonaws.com/media/cards/large/MPW147.webp,,,,,,,,,MPW147,https://legendstory-production-s3-public.s3.amazonaws.com/media/cards/large/MPW147.webp,,,,,,,,,MPW147,,,,,,,,,,,,,,,,,,,,,,,,,
MPW148,MPW,Nip at the Heels,Blue,3,,,,,,,,,,,,,,,,,,,,,,,,,,,MPW148,https://legendstory-production-s3-public.s3.amazonaws.com/media/cards/large/MPW148.webp,,,,,,,,,MPW148,https://legendstory-production-s3-public.s3.amazonaws.com/media/cards/large/MPW148.webp,,,,,,,,,MPW148,,,,,,,,,,,,,,,,,,,,,,,,,
MPW149,MPW,Put in Context,Blue,3,,,,,,,,,,,,,,,,,,,,,,,,,,,MPW149,https://legendstory-production-s3-public.s3.amazonaws.com/media/cards/large/MPW149.webp,,,,,,,,,MPW149,https://legendstory-production-s3-public.s3.amazonaws.com/media/cards/large/MPW149.webp,,,,,,,,,MPW149,,,,,,,,,,,,,,,,,,,,,,,,,
MPW150,MPW,Money Where Ya Mouth Is,Red,1,,,,,,,,,,,,,,,,,,,,,,,,,,,MPW150,https://legendstory-production-s3-public.s3.amazonaws.com/media/cards/large/MPW150.webp,,,,,,,,,MPW150,https://legendstory-production-s3-public.s3.amazonaws.com/media/cards/large/MPW150.webp,,,,,,,,,MPW150,,,,,,,,,,,,,,,,,,,,,,,,,
MPW151,MPW,Overbear,Red,1,0,,2,,,,"Generic, Action",,"Dominate, Go again",,,,,,"Your next weapon attack this turn gets **dominate**.

**Go again**",Generic Action,,,,,C,,,Tomasz Jedruszek,,,MPW151,https://legendstory-production-s3-public.s3.amazonaws.com/media/cards/large/MPW151.webp,,,C,R,,Tomasz Jedruszek,,,MPW151,https://legendstory-production-s3-public.s3.amazonaws.com/media/cards/large/MPW151-RF.webp,,,,,,Tomasz Jedruszek,,,MPW151,,,,,,,,,,,,,,,,,,,,,,,,,
MPW152,MPW,Starting Stake,Yellow,2,,,,,,,,,,,,,,,,,,,,,,,,,,,MPW152,https://legendstory-production-s3-public.s3.amazonaws.com/media/cards/large/MPW152.webp,,,,,,,,,MPW152,https://legendstory-production-s3-public.s3.amazonaws.com/media/cards/large/MPW152.webp,,,,,,,,,MPW152,,,,,,,,,,,,,,,,,,,,,,,,,
MPW153,MPW,Trot Along,Blue,3,,,,,,,,,,,,,,,,,,,,,,,,,,,MPW153,https://legendstory-production-s3-public.s3.amazonaws.com/media/cards/large/MPW153.webp,,,,,,,,,MPW153,https://legendstory-production-s3-public.s3.amazonaws.com/media/cards/large/MPW153.webp,,,,,,,,,MPW153,,,,,,,,,,,,,,,,,,,,,,,,,
MPW154,MPW,Gold,,,,,,,,,,,,,,,,,,,,,,,B,,,Stormy Elia Fanggidae,,,MPW154,https://legendstory-production-s3-public.s3.amazonaws.com/media/cards/large/MPW154.webp,,,,,,Stormy Elia Fanggidae,,,MPW154,https://legendstory-production-s3-public.s3.amazonaws.com/media/cards/large/MPW154.webp,,,,,,Stormy Elia Fanggidae,,,MPW154,,,,,,,,,,,,,,,,,,,,,,,,,
MPW155,MPW,Dorinthea,,,,,,,,,,,,,,,,,,,,,,,V,C,FA,Lius Lasahido,,,MPW155,https://legendstory-production-s3-public.s3.amazonaws.com/media/cards/large/MPW155-MV.webp,,,V,C,FA,Lius Lasahido,,,MPW155,https://legendstory-production-s3-public.s3.amazonaws.com/media/cards/large/MPW155-MV_BACK.webp,,,,,,,,,,,,,,,,,,,,,,,,,,,,,,,,,,
MPW156,MPW,Dawnblade,,,,,,,,,,,,,,,,,,,,,,,V,C,FA,"Adolfo Navarro, Carlos Cruchaga",,,MPW156,https://legendstory-production-s3-public.s3.amazonaws.com/media/cards/large/MPW156-MV.webp,,,V,C,FA,"Adolfo Navarro, Carlos Cruchaga",,,MPW156,https://legendstory-production-s3-public.s3.amazonaws.com/media/cards/large/MPW156-MV_BACK.webp,,,,,,,,,,,,,,,,,,,,,,,,,,,,,,,,,,
