Identifiers,Set Identifiers,Name,Color,Pitch,Cost,Power,Defense,Life,Intelligence,Arcane,Types,Traits,Card Keywords,Abilities and Effects,Ability and Effect Keywords,Granted Keywords,Removed Keywords,Interacts with Keywords,Functional Text,Type Text,Card Played Horizontally,CC Legal,Silver Age Legal,LL Legal,Rarity,Foiling,Art Variations,Artists,Expansion Slot,Flavor Text,Identifier,Image URL,TCGPlayer Product Id,TCGPlayer Url,Rarity 2,Foiling 2,Art Variations 2,Artists 2,Expansion Slot 2,Flavor Text 2,Identifier 2,Image URL 2,TCGPlayer Product Id 2,TCGPlayer Url 2,Rarity 3,Foiling 3,Art Variations 3,Artists 3,Expansion Slot 3,Flavor Text 3,Identifier 3,Image URL 3,Rarity 4,Foiling 4,Art Variations 4,Artists 4,Expansion Slot 4,Flavor Text 4,Identifier 4,Image URL 4,Rarity 5,Foiling 5,Art Variations 5,Artists 5,Expansion Slot 5,Flavor Text 5,Identifier 5,Image URL 5,,,Rarity 6,Foiling 6,Art Variations 6,Artists 6,Expansion Slot 6,Flavor Text 6,Identifier 6,Image URL 6
GEM184,GEM,,,,,,,,,,,,,,,,,,,,,,,,P,,,,,,GEM184,https://legendstory-production-s3-public.s3.amazonaws.com/media/cards/large/GEM184.webp,,,,,,,,,GEM184,https://storage.googleapis.com/fabmaster/cardfaces/GEM/GEM184.png,,,,,,,,,,,,,,,,,,,,,,,,,,,,,,,,,,,,
GEM185,GEM,,,,,,,,,,,,,,,,,,,,,,,,P,,,,,,GEM185,https://legendstory-production-s3-public.s3.amazonaws.com/media/cards/large/GEM185.webp,,,,,,,,,GEM185,https://storage.googleapis.com/fabmaster/cardfaces/GEM/GEM185.png,,,,,,,,,,,,,,,,,,,,,,,,,,,,,,,,,,,,
GEM186,GEM,Vox Necropolis,,,,,,,,,"Shadow, Necromancer, Weapon, Staff, 2H",,,,,Attack,,,"During your action phase, zombies you've played from a graveyard or banished zone enter the arena tapped and get ""When this enters the arena, **attack** with it.""

Zombies you control get ""**Action** - {r}, {t}: **Attack**""",Shadow Necromancer Weapon - Staff (2H),,,,,P,C,,Jessketchin,,,GEM186,https://legendstory-production-s3-public.s3.amazonaws.com/media/cards/large/GEM186-CF.webp,,,,,,Jessketchin,,,GEM186,https://storage.googleapis.com/fabmaster/cardfaces/GEM/GEM186.png,,,,,,,,,,,,,,,,,,,,,,,,,,,,,,,,,,,,
GEM187,GEM,Prizeworn Pathfinders,,,,,,,,,,,,,,,,,,,,,,,P,C,,Surya Prasetya,,,GEM187,https://legendstory-production-s3-public.s3.amazonaws.com/media/cards/large/GEM187-CF.webp,,,,,,Surya Prasetya,,,GEM187,https://storage.googleapis.com/fabmaster/cardfaces/GEM/GEM187.png,,,,,,,,,,,,,,,,,,,,,,,,,,,,,,,,,,,,
GEM188,GEM,Corrupted Crown,,,,,1,,,,"Shadow, Equipment, Head",,Blade Break,,,,,,"When this defends, you may banish a card from your hand. If you do, this gets +1{d}.

**Blade Break**",Shadow Equipment - Head,,,,,P,C,,Dzulfikar Aliy,,,GEM188,https://legendstory-production-s3-public.s3.amazonaws.com/media/cards/large/GEM188-CF.webp,,,,,,Dzulfikar Aliy,,,GEM188,https://storage.googleapis.com/fabmaster/cardfaces/GEM/GEM188.png,,,,,,,,,,,,,,,,,,,,,,,,,,,,,,,,,,,,
GEM189,GEM,V of the Vanguard,Yellow,2,,,,,,,,,,,,,,,,,,,,,P,C,"AA,FA",Muhammad Fajri,,,GEM189,https://legendstory-production-s3-public.s3.amazonaws.com/media/cards/large/GEM189-CF.webp,,,,,,Muhammad Fajri,,,GEM189,https://storage.googleapis.com/fabmaster/cardfaces/GEM/GEM189.png,,,,,,,,,,,,,,,,,,,,,,,,,,,,,,,,,,,,
GEM190,GEM,Soul Harvest,Blue,3,,,,,,,,,,,,,,,,,,,,,P,C,"AA,FA",soyameii,,,GEM190,https://legendstory-production-s3-public.s3.amazonaws.com/media/cards/large/GEM190-CF.webp,,,,,,soyameii,,,GEM190,https://storage.googleapis.com/fabmaster/cardfaces/GEM/GEM190.png,,,,,,,,,,,,,,,,,,,,,,,,,,,,,,,,,,,,
GEM191,GEM,Crumble to Eternity,Blue,3,,,,,,,,,,,,,,,,,,,,,P,C,,Carlos Cruchaga,,,GEM191,https://legendstory-production-s3-public.s3.amazonaws.com/media/cards/large/GEM191-CF.webp,,,,,,Carlos Cruchaga,,,GEM191,https://storage.googleapis.com/fabmaster/cardfaces/GEM/GEM191.png,,,,,,,,,,,,,,,,,,,,,,,,,,,,,,,,,,,,
GEM192,"GEM,IAR",Cleave the Heavens,Red,1,2,6,3,,,,"Shadow, Brute, Action, Attack",,Blood Debt,,,,,,"**Instant** - Banish this from your hand: Create a Gate to i'Arathael token.

**Blood Debt**",Shadow Brute Action - Attack,,,,,P,R,EA,Alief Rusdiatama,,,GEM192,https://legendstory-production-s3-public.s3.amazonaws.com/media/cards/large/GEM192-RF.webp,,,P,,EA,Alief Rusdiatama,,,GEM192,https://storage.googleapis.com/fabmaster/cardfaces/GEM/GEM192.png,,,,,,,,,,,,,,,,,,,,,,,,,,,,,,,,,,,,
GEM193,"GEM,IAR",Consuming Appetite,Yellow,2,3,6,3,,,,"Shadow, Brute, Action, Attack",,Blood Debt,,,Go again,,,"**Instant** - {r}, banish this from your hand: Until end of turn, Blasmophet, the Insatiable Hunger tokens you control get ""**Action** - {t}: **Attack**. **Go again**""

**Blood Debt**",Shadow Brute Action - Attack,,,,,P,R,EA,Satriasa,,,GEM193,https://legendstory-production-s3-public.s3.amazonaws.com/media/cards/large/GEM193-RF.webp,,,P,,EA,Satriasa,,,GEM193,https://legendstory-production-s3-public.s3.amazonaws.com/media/cards/large/GEM193.webp,,,,,,Satriasa,,,GEM193,https://legendstory-production-s3-public.s3.amazonaws.com/media/cards/large/GEM193.webp,,,,Satriasa,,,GEM193,https://legendstory-production-s3-public.s3.amazonaws.com/media/cards/large/GEM193.webp,,,,Satriasa,,,GEM193,https://legendstory-production-s3-public.s3.amazonaws.com/media/cards/large/GEM193.webp,,,,Satriasa,,,GEM193,https://legendstory-production-s3-public.s3.amazonaws.com/media/cards/large/GEM193.webp,,
GEM194,GEM,Consuming Lash,Yellow,2,2,6,3,,,,"Shadow, Brute, Action, Attack",,Blood Debt,Instant,,Go again,,,"Play this only if you control a Blasmophet.

**Instant** - {r}, banish this from your hand: Your next attack this turn gets **go again**.

**Blood Debt**",Shadow Brute Action - Attack,,,,,P,R,EA,SanSan,,,GEM194,https://legendstory-production-s3-public.s3.amazonaws.com/media/cards/large/GEM194-RF.webp,,,P,,EA,SanSan,,,GEM194,https://storage.googleapis.com/fabmaster/cardfaces/GEM/GEM194.png,,,,,,,,,,,,,,,,,,,,,,,,,,,,,,,,,,,,
GEM195,GEM,Consuming Strength,Yellow,2,2,6,3,,,,"Shadow, Brute, Action, Attack",,Blood Debt,Instant,,,,,"Play this only if you control a Blasmophet.

**Instant** - {r}, banish this from your hand: Your next attack this turn gets +2{p}.

**Blood Debt**",Shadow Brute Action - Attack,,,,,P,R,EA,Kevin Sidharta,,,GEM195,https://legendstory-production-s3-public.s3.amazonaws.com/media/cards/large/GEM195-RF.webp,,,P,,EA,Kevin Sidharta,,,GEM195,https://storage.googleapis.com/fabmaster/cardfaces/GEM/GEM195.png,,,,,,,,,,,,,,,,,,,,,,,,,,,,,,,,,,,,
GEM196,"GEM,IAR",Acrid Stench,Red,1,0,3,2,,,,"Shadow, Necromancer, Action, Attack",,Go again,,,,,,"When this attacks, you may discard a zombie. If you do, create a Corrupted Corpse in your banished zone.

**Go again**",Shadow Necromancer Action - Attack,,,,,P,R,EA,Wirawan Pranoto,,,GEM196,https://legendstory-production-s3-public.s3.amazonaws.com/media/cards/large/GEM196-RF.webp,,,P,,EA,Wirawan Pranoto,,,GEM196,https://storage.googleapis.com/fabmaster/cardfaces/GEM/GEM196.png,,,,,,,,,,,,,,,,,,,,,,,,,,,,,,,,,,,,
GEM197,"GEM,IAR",Bone Mass,Red,1,0,3,2,,,,"Shadow, Necromancer, Action, Attack",,Go again,,,,,,"When this attacks, you may discard a zombie. If you do, your next attack this turn gets +1{p}.

**Go again**",Shadow Necromancer Action - Attack,,,,,P,R,EA,Amirul HHF,,,GEM197,https://legendstory-production-s3-public.s3.amazonaws.com/media/cards/large/GEM197-RF.webp,,,P,,EA,Amirul HHF,,,GEM197,https://storage.googleapis.com/fabmaster/cardfaces/GEM/GEM197.png,,,,,,,,,,,,,,,,,,,,,,,,,,,,,,,,,,,,
GEM198,"GEM,IAR",Ominous Toll,Red,1,0,3,2,,,,"Shadow, Necromancer, Action, Attack",,Go again,,,,,,"When this attacks, you may discard a zombie. If you do, create a Gate to i'Arathael token.

**Go again**",Shadow Necromancer Action - Attack,,,,,P,R,EA,Jefrey Yonathan,,,GEM198,https://legendstory-production-s3-public.s3.amazonaws.com/media/cards/large/GEM198-RF.webp,,,P,,EA,Jefrey Yonathan,,,GEM198,https://legendstory-production-s3-public.s3.amazonaws.com/media/cards/large/GEM198.webp,,,,,,Jefrey Yonathan,,,GEM198,https://legendstory-production-s3-public.s3.amazonaws.com/media/cards/large/GEM198.webp,,,,Jefrey Yonathan,,,GEM198,https://legendstory-production-s3-public.s3.amazonaws.com/media/cards/large/GEM198.webp,,,,Jefrey Yonathan,,,GEM198,https://legendstory-production-s3-public.s3.amazonaws.com/media/cards/large/GEM198.webp,,,,Jefrey Yonathan,,,GEM198,https://legendstory-production-s3-public.s3.amazonaws.com/media/cards/large/GEM198.webp,,
GEM199,"GEM,IAR",Malignant Migration,Red,1,0,3,2,,,,"Shadow, Necromancer, Action, Attack",,Go again,,,,,,"When this attacks, you may discard a zombie. If you do, put a card from your banished zone into your graveyard.

**Go again**",Shadow Necromancer Action - Attack,,,,,P,R,EA,Stefano Moroni,,,GEM199,https://legendstory-production-s3-public.s3.amazonaws.com/media/cards/large/GEM199-RF.webp,,,P,,EA,Stefano Moroni,,,GEM199,https://storage.googleapis.com/fabmaster/cardfaces/GEM/GEM199.png,,,,,,,,,,,,,,,,,,,,,,,,,,,,,,,,,,,,
GEM200,GEM,Bloodsong Gloomblade,Red,1,0,2,3,,,,"Shadow, Runeblade, Action, Attack",,"Usurp, Blood Debt",,,,,,"You may play this from your banished zone.

**Usurp**

When this hits a hero, you may banish target aura permanent they control.

**Blood Debt**",Shadow Runeblade Action - Attack,,,,,P,R,EA,Maerel Hibadita,,,GEM200,https://legendstory-production-s3-public.s3.amazonaws.com/media/cards/large/GEM200-RF.webp,,,P,,EA,Maerel Hibadita,,,GEM200,https://storage.googleapis.com/fabmaster/cardfaces/GEM/GEM200.png,,,,,,,,,,,,,,,,,,,,,,,,,,,,,,,,,,,,
GEM201,GEM,Cullingsong Gloomblade,Red,1,0,2,3,,,,"Shadow, Runeblade, Action, Attack",,"Usurp, Blood Debt",,,,,,"You may play this from your banished zone.

**Usurp**

When this hits a hero, they banish a card from their hand.

**Blood Debt**",Shadow Runeblade Action - Attack,,,,,P,R,EA,YDZ,,,GEM201,https://legendstory-production-s3-public.s3.amazonaws.com/media/cards/large/GEM201-RF.webp,,,P,,EA,YDZ,,,GEM201,https://storage.googleapis.com/fabmaster/cardfaces/GEM/GEM201.png,,,,,,,,,,,,,,,,,,,,,,,,,,,,,,,,,,,,
GEM202,GEM,Plundersong Gloomblade,Red,1,0,2,3,,,,"Shadow, Runeblade, Action, Attack",,"Usurp, Blood Debt",,,,,,"You may play this from your banished zone.

**Usurp**

When this hits a hero, they banish a card in their arsenal.

**Blood Debt**",Shadow Runeblade Action - Attack,,,,,P,R,EA,Bastien Jez,,,GEM202,https://legendstory-production-s3-public.s3.amazonaws.com/media/cards/large/GEM202-RF.webp,,,P,,EA,Bastien Jez,,,GEM202,https://storage.googleapis.com/fabmaster/cardfaces/GEM/GEM202.png,,,,,,,,,,,,,,,,,,,,,,,,,,,,,,,,,,,,
GEM203,"GEM,IAR",Embrace Ursur,Red,1,1,3,3,,,,"Shadow, Runeblade, Action, Attack",,Go again,,,,,,"When this attacks, you may banish a card from your hand. If it's Runeblade, create a Runechant token. If it's Shadow, this gets **go again**.",Shadow Runeblade Action - Attack,,,,,P,R,EA,Alif Zahrah,,,GEM203,https://legendstory-production-s3-public.s3.amazonaws.com/media/cards/large/GEM203-RF.webp,,,P,,EA,Alif Zahrah,,,GEM203,https://legendstory-production-s3-public.s3.amazonaws.com/media/cards/large/GEM203.webp,,,,,,Alif Zahrah,,,GEM203,https://legendstory-production-s3-public.s3.amazonaws.com/media/cards/large/GEM203.webp,,,,Alif Zahrah,,,GEM203,https://legendstory-production-s3-public.s3.amazonaws.com/media/cards/large/GEM203.webp,,,,Alif Zahrah,,,GEM203,https://legendstory-production-s3-public.s3.amazonaws.com/media/cards/large/GEM203.webp,,,,Alif Zahrah,,,GEM203,https://legendstory-production-s3-public.s3.amazonaws.com/media/cards/large/GEM203.webp,,
GEM204,"GEM,IAR",Breach Flesh,Red,1,0,4,3,,,,"Shadow, Action, Attack",,Blood Debt,,,,,,"When this hits, create a Gate to i'Arathael token

**Blood Debt**""",Shadow Action - Attack,,,,,P,R,EA,Brian Madya Narendra,,,GEM204,https://legendstory-production-s3-public.s3.amazonaws.com/media/cards/large/GEM204-RF.webp,,,P,,EA,Brian Madya Narendra,,,GEM204,https://storage.googleapis.com/fabmaster/cardfaces/GEM/GEM204.png,,,,,,,,,,,,,,,,,,,,,,,,,,,,,,,,,,,,
GEM205,"GEM,IAR",Corporeal Chasm,Red,1,3,7,3,,,,"Shadow, Action, Attack",,Blood Debt,,,,,,"When this hits, create a Gate to i'Arathael token

**Blood Debt**""",Shadow Action - Attack,,,,,P,R,EA,Yosi Saputra,,,GEM205,https://legendstory-production-s3-public.s3.amazonaws.com/media/cards/large/GEM205-RF.webp,,,P,,EA,Yosi Saputra,,,GEM205,https://storage.googleapis.com/fabmaster/cardfaces/GEM/GEM205.png,,,,,,,,,,,,,,,,,,,,,,,,,,,,,,,,,,,,
GEM206,"GEM,IAR",Shadowrealm Bloodhound,Red,1,2,6,3,,,,"Shadow, Action, Attack",,"Blood Debt, Go again",,,,,,"When this attacks, you may banish a card from your hand. If it's Shadow, this gets **go again**.

**Blood Debt**",Shadow Action - Attack,,,,,P,R,EA,Mariusz Gandzel,,,GEM206,https://legendstory-production-s3-public.s3.amazonaws.com/media/cards/large/GEM206-RF.webp,,,P,,EA,Mariusz Gandzel,,,GEM206,https://storage.googleapis.com/fabmaster/cardfaces/GEM/GEM206.png,,,,,,,,,,,,,,,,,,,,,,,,,,,,,,,,,,,,
GEM207,"GEM,IAR",Shadowrealm Ripper,Red,1,1,5,3,,,,"Shadow, Action, Attack",,Blood Debt,,,,,,"When this attacks, you may banish a card from your hand. If it's Shadow, this gets +2{p}.

**Blood Debt**",Shadow Action - Attack,,,,,P,R,EA,Tomi Ong,,,GEM207,https://legendstory-production-s3-public.s3.amazonaws.com/media/cards/large/GEM207-RF.webp,,,P,,EA,Tomi Ong,,,GEM207,https://storage.googleapis.com/fabmaster/cardfaces/GEM/GEM207.png,,,,,,,,,,,,,,,,,,,,,,,,,,,,,,,,,,,,
GEM208,"GEM,IAR",Shadowrealm Walker,Red,1,0,4,3,,,,"Shadow, Action, Attack",,Blood Debt,,,,,,"When this attacks, you may banish a card from your hand. If it's Shadow, create a Gate to i'Arathael token.

**Blood Debt**",Shadow Action - Attack,,,,,P,R,EA,Wirawan Pranoto,,,GEM208,https://legendstory-production-s3-public.s3.amazonaws.com/media/cards/large/GEM208-RF.webp,,,P,,EA,Wirawan Pranoto,,,GEM208,https://storage.googleapis.com/fabmaster/cardfaces/GEM/GEM208.png,,,,,,,,,,,,,,,,,,,,,,,,,,,,,,,,,,,,
GEM209,GEM,Dimenxxional Ferryman,Blue,3,0,,3,,,,"Shadow, Action",,Go again,,,,,Blood Debt,"Put this and an action card with blood debt from your banished zone on the bottom of your deck.

**Go again**",Shadow Action,,,,,P,R,EA,Tomasz Jedruszek,,,GEM209,https://legendstory-production-s3-public.s3.amazonaws.com/media/cards/large/GEM209-RF.webp,,,P,,EA,Tomasz Jedruszek,,,GEM209,https://storage.googleapis.com/fabmaster/cardfaces/GEM/GEM209.png,,,,,,,,,,,,,,,,,,,,,,,,,,,,,,,,,,,,
GEM210,GEM,Night's Embrace,Blue,3,,,,,,,,,,,,,,,,,,,,,P,R,EA,Muhammad Fajri,,,GEM210,https://legendstory-production-s3-public.s3.amazonaws.com/media/cards/large/GEM210-RF.webp,,,P,,EA,Muhammad Fajri,,,GEM210,https://storage.googleapis.com/fabmaster/cardfaces/GEM/GEM210.png,,,,,,,,,,,,,,,,,,,,,,,,,,,,,,,,,,,,
GEM211,"GEM,IAR",Headstrong Stampede,Red,1,2,6,2,,,,"Brute, Action, Attack",,Go again,,,,,,"When this attacks, reveal the top card of your deck. If the revealed card has 6 or more base {p}, this gets **go again**.",Brute Action - Attack,,,,,P,R,EA,Audy Ravindra,,,GEM211,https://legendstory-production-s3-public.s3.amazonaws.com/media/cards/large/GEM211-RF.webp,,,P,,EA,Audy Ravindra,,,GEM211,https://storage.googleapis.com/fabmaster/cardfaces/GEM/GEM211.png,,,,,,,,,,,,,,,,,,,,,,,,,,,,,,,,,,,,
GEM212,GEM,Seek Vengeance,Blue,3,,,,,,,,,,,,,,,,,,,,,P,R,EA,Ramza Ardyputra,,,GEM212,https://legendstory-production-s3-public.s3.amazonaws.com/media/cards/large/GEM212-RF.webp,,,P,,EA,Ramza Ardyputra,,,GEM212,https://storage.googleapis.com/fabmaster/cardfaces/GEM/GEM212.png,,,,,,,,,,,,,,,,,,,,,,,,,,,,,,,,,,,,
GEM213,GEM,Heads Up,Red,1,,,,,,,,,,,,,,,,,,,,,P,R,EA,Reinaldo Indrajaya,,,GEM213,https://legendstory-production-s3-public.s3.amazonaws.com/media/cards/large/GEM213-RF.webp,,,P,,EA,Reinaldo Indrajaya,,,GEM213,https://storage.googleapis.com/fabmaster/cardfaces/GEM/GEM213.png,,,,,,,,,,,,,,,,,,,,,,,,,,,,,,,,,,,,
GEM214,GEM,Flurry Foot Dance,Yellow,2,,,,,,,,,,,,,,,,,,,,,P,R,EA,Wirawan Pranoto,,,GEM214,https://legendstory-production-s3-public.s3.amazonaws.com/media/cards/large/GEM214-RF.webp,,,P,,EA,Wirawan Pranoto,,,GEM214,https://storage.googleapis.com/fabmaster/cardfaces/GEM/GEM214.png,,,,,,,,,,,,,,,,,,,,,,,,,,,,,,,,,,,,
GEM215,GEM,Flash Bolt,Red,1,,,,,,,,,,,,,,,,,,,,,P,R,EA,Surya Prasetya,,,GEM215,https://legendstory-production-s3-public.s3.amazonaws.com/media/cards/large/GEM215-RF.webp,,,P,,EA,Surya Prasetya,,,GEM215,https://storage.googleapis.com/fabmaster/cardfaces/GEM/GEM215.png,,,,,,,,,,,,,,,,,,,,,,,,,,,,,,,,,,,,
GEM216,GEM,Clear Conscience,Blue,3,,,,,,,,,,,,,,,,,,,,,P,R,EA,Nailsen Ivanderlie,,,GEM216,https://legendstory-production-s3-public.s3.amazonaws.com/media/cards/large/GEM216-RF.webp,,,P,,EA,Nailsen Ivanderlie,,,GEM216,https://storage.googleapis.com/fabmaster/cardfaces/GEM/GEM216.png,,,,,,,,,,,,,,,,,,,,,,,,,,,,,,,,,,,,
GEM217,GEM,Overbear,Red,1,,,,,,,,,,,,,,,,,,,,,P,R,EA,Tomasz Jedruszek,,,GEM217,https://legendstory-production-s3-public.s3.amazonaws.com/media/cards/large/GEM217-RF.webp,,,P,,EA,Tomasz Jedruszek,,,GEM217,https://storage.googleapis.com/fabmaster/cardfaces/GEM/GEM217.png,,,,,,,,,,,,,,,,,,,,,,,,,,,,,,,,,,,,
GEM218,GEM,The Hand that Pulls the Strings,,,,,,,,,,Arakni,,,,,,,,,,,,,R,C,FA,Pavel Rtishchev (Klaher),,,GEM218,https://legendstory-production-s3-public.s3.amazonaws.com/media/cards/large/GEM218-MV.webp,,,,,,Pavel Rtishchev (Klaher),,,GEM218,https://storage.googleapis.com/fabmaster/cardfaces/GEM/GEM218.png,,,,,,,,,,,,,,,,,,,,,,,,,,,,,,,,,,,,
GEM219,GEM,Minerva Themis,,,,,,,,,,,,,,,,,,,,,,,R,C,FA,Mihail Spil-Haufter,,,GEM219,https://legendstory-production-s3-public.s3.amazonaws.com/media/cards/large/GEM219-MV.webp,,,,,,Mihail Spil-Haufter,,,GEM219,https://storage.googleapis.com/fabmaster/cardfaces/GEM/GEM219.png,,,,,,,,,,,,,,,,,,,,,,,,,,,,,,,,,,,,
GEM220,GEM,,,,,,,,,,,,,,,,,,,,,,,,P,,,,,,GEM220,https://legendstory-production-s3-public.s3.amazonaws.com/media/cards/large/GEM220.webp,,,,,,,,,GEM220,https://storage.googleapis.com/fabmaster/cardfaces/GEM/GEM220.png,,,,,,,,,,,,,,,,,,,,,,,,,,,,,,,,,,,,
GEM221,GEM,,,,,,,,,,,,,,,,,,,,,,,,P,,,,,,GEM221,https://legendstory-production-s3-public.s3.amazonaws.com/media/cards/large/GEM221.webp,,,,,,,,,GEM221,https://storage.googleapis.com/fabmaster/cardfaces/GEM/GEM221.png,,,,,,,,,,,,,,,,,,,,,,,,,,,,,,,,,,,,
GEM222,GEM,,,,,,,,,,,,,,,,,,,,,,,,P,,,,,,GEM222,https://legendstory-production-s3-public.s3.amazonaws.com/media/cards/large/GEM222.webp,,,,,,,,,GEM222,https://storage.googleapis.com/fabmaster/cardfaces/GEM/GEM222.png,,,,,,,,,,,,,,,,,,,,,,,,,,,,,,,,,,,,
GEM223,GEM,,,,,,,,,,,,,,,,,,,,,,,,P,,,,,,GEM223,https://legendstory-production-s3-public.s3.amazonaws.com/media/cards/large/GEM223.webp,,,,,,,,,GEM223,https://storage.googleapis.com/fabmaster/cardfaces/GEM/GEM223.png,,,,,,,,,,,,,,,,,,,,,,,,,,,,,,,,,,,,
GEM224,GEM,,,,,,,,,,,,,,,,,,,,,,,,P,,,,,,GEM224,https://legendstory-production-s3-public.s3.amazonaws.com/media/cards/large/GEM224.webp,,,,,,,,,GEM224,https://storage.googleapis.com/fabmaster/cardfaces/GEM/GEM224.png,,,,,,,,,,,,,,,,,,,,,,,,,,,,,,,,,,,,
GEM225,GEM,,,,,,,,,,,,,,,,,,,,,,,,P,,,,,,GEM225,https://legendstory-production-s3-public.s3.amazonaws.com/media/cards/large/GEM225.webp,,,,,,,,,GEM225,https://storage.googleapis.com/fabmaster/cardfaces/GEM/GEM225.png,,,,,,,,,,,,,,,,,,,,,,,,,,,,,,,,,,,,
GEM226,GEM,,,,,,,,,,,,,,,,,,,,,,,,P,,,,,,GEM226,https://legendstory-production-s3-public.s3.amazonaws.com/media/cards/large/GEM226.webp,,,,,,,,,GEM226,https://storage.googleapis.com/fabmaster/cardfaces/GEM/GEM226.png,,,,,,,,,,,,,,,,,,,,,,,,,,,,,,,,,,,,
GEM227,GEM,,,,,,,,,,,,,,,,,,,,,,,,P,,,,,,GEM227,https://legendstory-production-s3-public.s3.amazonaws.com/media/cards/large/GEM227.webp,,,,,,,,,GEM227,https://storage.googleapis.com/fabmaster/cardfaces/GEM/GEM227.png,,,,,,,,,,,,,,,,,,,,,,,,,,,,,,,,,,,,
GEM228,GEM,,,,,,,,,,,,,,,,,,,,,,,,P,,,,,,GEM228,https://legendstory-production-s3-public.s3.amazonaws.com/media/cards/large/GEM228.webp,,,,,,,,,GEM228,https://storage.googleapis.com/fabmaster/cardfaces/GEM/GEM228.png,,,,,,,,,,,,,,,,,,,,,,,,,,,,,,,,,,,,
GEM229,GEM,,,,,,,,,,,,,,,,,,,,,,,,P,,,,,,GEM229,https://legendstory-production-s3-public.s3.amazonaws.com/media/cards/large/GEM229.webp,,,,,,,,,GEM229,https://storage.googleapis.com/fabmaster/cardfaces/GEM/GEM229.png,,,,,,,,,,,,,,,,,,,,,,,,,,,,,,,,,,,,
GEM230,GEM,,,,,,,,,,,,,,,,,,,,,,,,P,,,,,,GEM230,https://legendstory-production-s3-public.s3.amazonaws.com/media/cards/large/GEM230.webp,,,,,,,,,GEM230,https://storage.googleapis.com/fabmaster/cardfaces/GEM/GEM230.png,,,,,,,,,,,,,,,,,,,,,,,,,,,,,,,,,,,,
GEM231,GEM,,,,,,,,,,,,,,,,,,,,,,,,P,,,,,,GEM231,https://legendstory-production-s3-public.s3.amazonaws.com/media/cards/large/GEM231.webp,,,,,,,,,GEM231,https://storage.googleapis.com/fabmaster/cardfaces/GEM/GEM231.png,,,,,,,,,,,,,,,,,,,,,,,,,,,,,,,,,,,,
GEM232,GEM,,,,,,,,,,,,,,,,,,,,,,,,P,,,,,,GEM232,https://legendstory-production-s3-public.s3.amazonaws.com/media/cards/large/GEM232.webp,,,,,,,,,GEM232,https://storage.googleapis.com/fabmaster/cardfaces/GEM/GEM232.png,,,,,,,,,,,,,,,,,,,,,,,,,,,,,,,,,,,,
GEM233,GEM,,,,,,,,,,,,,,,,,,,,,,,,P,,,,,,GEM233,https://legendstory-production-s3-public.s3.amazonaws.com/media/cards/large/GEM233.webp,,,,,,,,,GEM233,https://storage.googleapis.com/fabmaster/cardfaces/GEM/GEM233.png,,,,,,,,,,,,,,,,,,,,,,,,,,,,,,,,,,,,
GEM234,GEM,,,,,,,,,,,,,,,,,,,,,,,,P,,,,,,GEM234,https://legendstory-production-s3-public.s3.amazonaws.com/media/cards/large/GEM234.webp,,,,,,,,,GEM234,https://storage.googleapis.com/fabmaster/cardfaces/GEM/GEM234.png,,,,,,,,,,,,,,,,,,,,,,,,,,,,,,,,,,,,
GEM235,GEM,,,,,,,,,,,,,,,,,,,,,,,,P,,,,,,GEM235,https://legendstory-production-s3-public.s3.amazonaws.com/media/cards/large/GEM235.webp,,,,,,,,,GEM235,https://storage.googleapis.com/fabmaster/cardfaces/GEM/GEM235.png,,,,,,,,,,,,,,,,,,,,,,,,,,,,,,,,,,,,
GEM236,GEM,,,,,,,,,,,,,,,,,,,,,,,,P,,,,,,GEM236,https://legendstory-production-s3-public.s3.amazonaws.com/media/cards/large/GEM236.webp,,,,,,,,,GEM236,https://storage.googleapis.com/fabmaster/cardfaces/GEM/GEM236.png,,,,,,,,,,,,,,,,,,,,,,,,,,,,,,,,,,,,
GEM237,GEM,,,,,,,,,,,,,,,,,,,,,,,,P,,,,,,GEM237,https://legendstory-production-s3-public.s3.amazonaws.com/media/cards/large/GEM237.webp,,,,,,,,,GEM237,https://storage.googleapis.com/fabmaster/cardfaces/GEM/GEM237.png,,,,,,,,,,,,,,,,,,,,,,,,,,,,,,,,,,,,
GEM238,GEM,,,,,,,,,,,,,,,,,,,,,,,,P,,,,,,GEM238,https://legendstory-production-s3-public.s3.amazonaws.com/media/cards/large/GEM238.webp,,,,,,,,,GEM238,https://storage.googleapis.com/fabmaster/cardfaces/GEM/GEM238.png,,,,,,,,,,,,,,,,,,,,,,,,,,,,,,,,,,,,
GEM239,GEM,,,,,,,,,,,,,,,,,,,,,,,,P,,,,,,GEM239,https://legendstory-production-s3-public.s3.amazonaws.com/media/cards/large/GEM239.webp,,,,,,,,,GEM239,https://storage.googleapis.com/fabmaster/cardfaces/GEM/GEM239.png,,,,,,,,,,,,,,,,,,,,,,,,,,,,,,,,,,,,
GEM240,GEM,,,,,,,,,,,,,,,,,,,,,,,,P,,,,,,GEM240,https://legendstory-production-s3-public.s3.amazonaws.com/media/cards/large/GEM240.webp,,,,,,,,,GEM240,https://storage.googleapis.com/fabmaster/cardfaces/GEM/GEM240.png,,,,,,,,,,,,,,,,,,,,,,,,,,,,,,,,,,,,
GEM241,GEM,,,,,,,,,,,,,,,,,,,,,,,,P,,,,,,GEM241,https://legendstory-production-s3-public.s3.amazonaws.com/media/cards/large/GEM241.webp,,,,,,,,,GEM241,https://storage.googleapis.com/fabmaster/cardfaces/GEM/GEM241.png,,,,,,,,,,,,,,,,,,,,,,,,,,,,,,,,,,,,
GEM242,GEM,,,,,,,,,,,,,,,,,,,,,,,,P,,,,,,GEM242,https://legendstory-production-s3-public.s3.amazonaws.com/media/cards/large/GEM242.webp,,,,,,,,,GEM242,https://storage.googleapis.com/fabmaster/cardfaces/GEM/GEM242.png,,,,,,,,,,,,,,,,,,,,,,,,,,,,,,,,,,,,
GEM243,GEM,,,,,,,,,,,,,,,,,,,,,,,,P,,,,,,GEM243,https://legendstory-production-s3-public.s3.amazonaws.com/media/cards/large/GEM243.webp,,,,,,,,,GEM243,https://storage.googleapis.com/fabmaster/cardfaces/GEM/GEM243.png,,,,,,,,,,,,,,,,,,,,,,,,,,,,,,,,,,,,
GEM244,GEM,,,,,,,,,,,,,,,,,,,,,,,,P,,,,,,GEM244,https://legendstory-production-s3-public.s3.amazonaws.com/media/cards/large/GEM244.webp,,,,,,,,,GEM244,https://storage.googleapis.com/fabmaster/cardfaces/GEM/GEM244.png,,,,,,,,,,,,,,,,,,,,,,,,,,,,,,,,,,,,
GEM245,GEM,,,,,,,,,,,,,,,,,,,,,,,,P,,,,,,GEM245,https://legendstory-production-s3-public.s3.amazonaws.com/media/cards/large/GEM245.webp,,,,,,,,,GEM245,https://storage.googleapis.com/fabmaster/cardfaces/GEM/GEM245.png,,,,,,,,,,,,,,,,,,,,,,,,,,,,,,,,,,,,
GEM246,GEM,,,,,,,,,,,,,,,,,,,,,,,,P,,,,,,GEM246,https://legendstory-production-s3-public.s3.amazonaws.com/media/cards/large/GEM246.webp,,,,,,,,,GEM246,https://storage.googleapis.com/fabmaster/cardfaces/GEM/GEM246.png,,,,,,,,,,,,,,,,,,,,,,,,,,,,,,,,,,,,
GEM247,GEM,,,,,,,,,,,,,,,,,,,,,,,,P,,,,,,GEM247,https://legendstory-production-s3-public.s3.amazonaws.com/media/cards/large/GEM247.webp,,,,,,,,,GEM247,https://storage.googleapis.com/fabmaster/cardfaces/GEM/GEM247.png,,,,,,,,,,,,,,,,,,,,,,,,,,,,,,,,,,,,
GEM248,GEM,,,,,,,,,,,,,,,,,,,,,,,,P,,,,,,GEM248,https://legendstory-production-s3-public.s3.amazonaws.com/media/cards/large/GEM248.webp,,,,,,,,,GEM248,https://storage.googleapis.com/fabmaster/cardfaces/GEM/GEM248.png,,,,,,,,,,,,,,,,,,,,,,,,,,,,,,,,,,,,
GEM249,GEM,,,,,,,,,,,,,,,,,,,,,,,,P,,,,,,GEM249,https://legendstory-production-s3-public.s3.amazonaws.com/media/cards/large/GEM249.webp,,,,,,,,,GEM249,https://storage.googleapis.com/fabmaster/cardfaces/GEM/GEM249.png,,,,,,,,,,,,,,,,,,,,,,,,,,,,,,,,,,,,
GEM250,GEM,,,,,,,,,,,,,,,,,,,,,,,,P,,,,,,GEM250,https://legendstory-production-s3-public.s3.amazonaws.com/media/cards/large/GEM250.webp,,,,,,,,,GEM250,https://storage.googleapis.com/fabmaster/cardfaces/GEM/GEM250.png,,,,,,,,,,,,,,,,,,,,,,,,,,,,,,,,,,,,
GEM251,GEM,,,,,,,,,,,,,,,,,,,,,,,,P,,,,,,GEM251,https://legendstory-production-s3-public.s3.amazonaws.com/media/cards/large/GEM251.webp,,,,,,,,,GEM251,https://storage.googleapis.com/fabmaster/cardfaces/GEM/GEM251.png,,,,,,,,,,,,,,,,,,,,,,,,,,,,,,,,,,,,
GEM252,GEM,,,,,,,,,,,,,,,,,,,,,,,,P,,,,,,GEM252,https://legendstory-production-s3-public.s3.amazonaws.com/media/cards/large/GEM252.webp,,,,,,,,,GEM252,https://storage.googleapis.com/fabmaster/cardfaces/GEM/GEM252.png,,,,,,,,,,,,,,,,,,,,,,,,,,,,,,,,,,,,
GEM253,GEM,,,,,,,,,,,,,,,,,,,,,,,,P,,,,,,GEM253,https://legendstory-production-s3-public.s3.amazonaws.com/media/cards/large/GEM253.webp,,,,,,,,,GEM253,https://storage.googleapis.com/fabmaster/cardfaces/GEM/GEM253.png,,,,,,,,,,,,,,,,,,,,,,,,,,,,,,,,,,,,
GEM254,GEM,,,,,,,,,,,,,,,,,,,,,,,,P,,,,,,GEM254,https://legendstory-production-s3-public.s3.amazonaws.com/media/cards/large/GEM254.webp,,,,,,,,,GEM254,https://storage.googleapis.com/fabmaster/cardfaces/GEM/GEM254.png,,,,,,,,,,,,,,,,,,,,,,,,,,,,,,,,,,,,
GEM255,GEM,,,,,,,,,,,,,,,,,,,,,,,,P,,,,,,GEM255,https://legendstory-production-s3-public.s3.amazonaws.com/media/cards/large/GEM255.webp,,,,,,,,,GEM255,https://storage.googleapis.com/fabmaster/cardfaces/GEM/GEM255.png,,,,,,,,,,,,,,,,,,,,,,,,,,,,,,,,,,,,
GEM256,GEM,,,,,,,,,,,,,,,,,,,,,,,,P,,,,,,GEM256,https://legendstory-production-s3-public.s3.amazonaws.com/media/cards/large/GEM256.webp,,,,,,,,,GEM256,https://storage.googleapis.com/fabmaster/cardfaces/GEM/GEM256.png,,,,,,,,,,,,,,,,,,,,,,,,,,,,,,,,,,,,
GEM257,GEM,,,,,,,,,,,,,,,,,,,,,,,,P,,,,,,GEM257,https://legendstory-production-s3-public.s3.amazonaws.com/media/cards/large/GEM257.webp,,,,,,,,,GEM257,https://storage.googleapis.com/fabmaster/cardfaces/GEM/GEM257.png,,,,,,,,,,,,,,,,,,,,,,,,,,,,,,,,,,,,
GEM258,GEM,,,,,,,,,,,,,,,,,,,,,,,,P,,,,,,GEM258,https://legendstory-production-s3-public.s3.amazonaws.com/media/cards/large/GEM258.webp,,,,,,,,,GEM258,https://storage.googleapis.com/fabmaster/cardfaces/GEM/GEM258.png,,,,,,,,,,,,,,,,,,,,,,,,,,,,,,,,,,,,
GEM259,GEM,,,,,,,,,,,,,,,,,,,,,,,,P,,,,,,GEM259,https://legendstory-production-s3-public.s3.amazonaws.com/media/cards/large/GEM259.webp,,,,,,,,,GEM259,https://storage.googleapis.com/fabmaster/cardfaces/GEM/GEM259.png,,,,,,,,,,,,,,,,,,,,,,,,,,,,,,,,,,,,
GEM260,GEM,,,,,,,,,,,,,,,,,,,,,,,,P,,,,,,GEM260,https://legendstory-production-s3-public.s3.amazonaws.com/media/cards/large/GEM260.webp,,,,,,,,,GEM260,https://storage.googleapis.com/fabmaster/cardfaces/GEM/GEM260.png,,,,,,,,,,,,,,,,,,,,,,,,,,,,,,,,,,,,
GEM261,GEM,,,,,,,,,,,,,,,,,,,,,,,,P,,,,,,GEM261,https://legendstory-production-s3-public.s3.amazonaws.com/media/cards/large/GEM261.webp,,,,,,,,,GEM261,https://storage.googleapis.com/fabmaster/cardfaces/GEM/GEM261.png,,,,,,,,,,,,,,,,,,,,,,,,,,,,,,,,,,,,
GEM262,GEM,,,,,,,,,,,,,,,,,,,,,,,,P,,,,,,GEM262,https://legendstory-production-s3-public.s3.amazonaws.com/media/cards/large/GEM262.webp,,,,,,,,,GEM262,https://storage.googleapis.com/fabmaster/cardfaces/GEM/GEM262.png,,,,,,,,,,,,,,,,,,,,,,,,,,,,,,,,,,,,
GEM263,GEM,,,,,,,,,,,,,,,,,,,,,,,,P,,,,,,GEM263,https://legendstory-production-s3-public.s3.amazonaws.com/media/cards/large/GEM263.webp,,,,,,,,,GEM263,https://storage.googleapis.com/fabmaster/cardfaces/GEM/GEM263.png,,,,,,,,,,,,,,,,,,,,,,,,,,,,,,,,,,,,
GEM264,GEM,,,,,,,,,,,,,,,,,,,,,,,,P,,,,,,GEM264,https://legendstory-production-s3-public.s3.amazonaws.com/media/cards/large/GEM264.webp,,,,,,,,,GEM264,https://storage.googleapis.com/fabmaster/cardfaces/GEM/GEM264.png,,,,,,,,,,,,,,,,,,,,,,,,,,,,,,,,,,,,
GEM265,GEM,,,,,,,,,,,,,,,,,,,,,,,,P,,,,,,GEM265,https://legendstory-production-s3-public.s3.amazonaws.com/media/cards/large/GEM265.webp,,,,,,,,,GEM265,https://storage.googleapis.com/fabmaster/cardfaces/GEM/GEM265.png,,,,,,,,,,,,,,,,,,,,,,,,,,,,,,,,,,,,
GEM266,GEM,,,,,,,,,,,,,,,,,,,,,,,,P,,,,,,GEM266,https://legendstory-production-s3-public.s3.amazonaws.com/media/cards/large/GEM266.webp,,,,,,,,,GEM266,https://storage.googleapis.com/fabmaster/cardfaces/GEM/GEM266.png,,,,,,,,,,,,,,,,,,,,,,,,,,,,,,,,,,,,
GEM267,GEM,,,,,,,,,,,,,,,,,,,,,,,,P,,,,,,GEM267,https://legendstory-production-s3-public.s3.amazonaws.com/media/cards/large/GEM267.webp,,,,,,,,,GEM267,https://storage.googleapis.com/fabmaster/cardfaces/GEM/GEM267.png,,,,,,,,,,,,,,,,,,,,,,,,,,,,,,,,,,,,
GEM268,GEM,,,,,,,,,,,,,,,,,,,,,,,,P,,,,,,GEM268,https://legendstory-production-s3-public.s3.amazonaws.com/media/cards/large/GEM268.webp,,,,,,,,,GEM268,https://storage.googleapis.com/fabmaster/cardfaces/GEM/GEM268.png,,,,,,,,,,,,,,,,,,,,,,,,,,,,,,,,,,,,
GEM269,GEM,,,,,,,,,,,,,,,,,,,,,,,,P,,,,,,GEM269,https://legendstory-production-s3-public.s3.amazonaws.com/media/cards/large/GEM269.webp,,,,,,,,,GEM269,https://storage.googleapis.com/fabmaster/cardfaces/GEM/GEM269.png,,,,,,,,,,,,,,,,,,,,,,,,,,,,,,,,,,,,
GEM270,GEM,,,,,,,,,,,,,,,,,,,,,,,,P,,,,,,GEM270,https://legendstory-production-s3-public.s3.amazonaws.com/media/cards/large/GEM270.webp,,,,,,,,,GEM270,https://storage.googleapis.com/fabmaster/cardfaces/GEM/GEM270.png,,,,,,,,,,,,,,,,,,,,,,,,,,,,,,,,,,,,
GEM271,GEM,,,,,,,,,,,,,,,,,,,,,,,,P,,,,,,GEM271,https://legendstory-production-s3-public.s3.amazonaws.com/media/cards/large/GEM271.webp,,,,,,,,,GEM271,https://storage.googleapis.com/fabmaster/cardfaces/GEM/GEM271.png,,,,,,,,,,,,,,,,,,,,,,,,,,,,,,,,,,,,
GEM272,GEM,,,,,,,,,,,,,,,,,,,,,,,,P,,,,,,GEM272,https://legendstory-production-s3-public.s3.amazonaws.com/media/cards/large/GEM272.webp,,,,,,,,,GEM272,https://storage.googleapis.com/fabmaster/cardfaces/GEM/GEM272.png,,,,,,,,,,,,,,,,,,,,,,,,,,,,,,,,,,,,
GEM273,GEM,,,,,,,,,,,,,,,,,,,,,,,,P,,,,,,GEM273,https://legendstory-production-s3-public.s3.amazonaws.com/media/cards/large/GEM273.webp,,,,,,,,,GEM273,https://storage.googleapis.com/fabmaster/cardfaces/GEM/GEM273.png,,,,,,,,,,,,,,,,,,,,,,,,,,,,,,,,,,,,
GEM274,GEM,,,,,,,,,,,,,,,,,,,,,,,,P,,,,,,GEM274,https://legendstory-production-s3-public.s3.amazonaws.com/media/cards/large/GEM274.webp,,,,,,,,,GEM274,https://storage.googleapis.com/fabmaster/cardfaces/GEM/GEM274.png,,,,,,,,,,,,,,,,,,,,,,,,,,,,,,,,,,,,
GEM275,GEM,,,,,,,,,,,,,,,,,,,,,,,,P,,,,,,GEM275,https://legendstory-production-s3-public.s3.amazonaws.com/media/cards/large/GEM275.webp,,,,,,,,,GEM275,https://storage.googleapis.com/fabmaster/cardfaces/GEM/GEM275.png,,,,,,,,,,,,,,,,,,,,,,,,,,,,,,,,,,,,
GEM276,GEM,,,,,,,,,,,,,,,,,,,,,,,,P,,,,,,GEM276,https://legendstory-production-s3-public.s3.amazonaws.com/media/cards/large/GEM276.webp,,,,,,,,,GEM276,https://storage.googleapis.com/fabmaster/cardfaces/GEM/GEM276.png,,,,,,,,,,,,,,,,,,,,,,,,,,,,,,,,,,,,
GEM277,GEM,,,,,,,,,,,,,,,,,,,,,,,,P,,,,,,GEM277,https://legendstory-production-s3-public.s3.amazonaws.com/media/cards/large/GEM277.webp,,,,,,,,,GEM277,https://storage.googleapis.com/fabmaster/cardfaces/GEM/GEM277.png,,,,,,,,,,,,,,,,,,,,,,,,,,,,,,,,,,,,
GEM278,GEM,,,,,,,,,,,,,,,,,,,,,,,,P,,,,,,GEM278,https://legendstory-production-s3-public.s3.amazonaws.com/media/cards/large/GEM278.webp,,,,,,,,,GEM278,https://storage.googleapis.com/fabmaster/cardfaces/GEM/GEM278.png,,,,,,,,,,,,,,,,,,,,,,,,,,,,,,,,,,,,
GEM279,GEM,,,,,,,,,,,,,,,,,,,,,,,,P,,,,,,GEM279,https://legendstory-production-s3-public.s3.amazonaws.com/media/cards/large/GEM279.webp,,,,,,,,,GEM279,https://storage.googleapis.com/fabmaster/cardfaces/GEM/GEM279.png,,,,,,,,,,,,,,,,,,,,,,,,,,,,,,,,,,,,
GEM280,GEM,,,,,,,,,,,,,,,,,,,,,,,,P,,,,,,GEM280,https://legendstory-production-s3-public.s3.amazonaws.com/media/cards/large/GEM280.webp,,,,,,,,,GEM280,https://storage.googleapis.com/fabmaster/cardfaces/GEM/GEM280.png,,,,,,,,,,,,,,,,,,,,,,,,,,,,,,,,,,,,
GEM281,GEM,,,,,,,,,,,,,,,,,,,,,,,,P,,,,,,GEM281,https://legendstory-production-s3-public.s3.amazonaws.com/media/cards/large/GEM281.webp,,,,,,,,,GEM281,https://storage.googleapis.com/fabmaster/cardfaces/GEM/GEM281.png,,,,,,,,,,,,,,,,,,,,,,,,,,,,,,,,,,,,
GEM282,GEM,,,,,,,,,,,,,,,,,,,,,,,,P,,,,,,GEM282,https://legendstory-production-s3-public.s3.amazonaws.com/media/cards/large/GEM282.webp,,,,,,,,,GEM282,https://storage.googleapis.com/fabmaster/cardfaces/GEM/GEM282.png,,,,,,,,,,,,,,,,,,,,,,,,,,,,,,,,,,,,
GEM283,GEM,,,,,,,,,,,,,,,,,,,,,,,,P,,,,,,GEM283,https://legendstory-production-s3-public.s3.amazonaws.com/media/cards/large/GEM283.webp,,,,,,,,,GEM283,https://storage.googleapis.com/fabmaster/cardfaces/GEM/GEM283.png,,,,,,,,,,,,,,,,,,,,,,,,,,,,,,,,,,,,
GEM284,GEM,,,,,,,,,,,,,,,,,,,,,,,,P,,,,,,GEM284,https://legendstory-production-s3-public.s3.amazonaws.com/media/cards/large/GEM284.webp,,,,,,,,,GEM284,https://storage.googleapis.com/fabmaster/cardfaces/GEM/GEM284.png,,,,,,,,,,,,,,,,,,,,,,,,,,,,,,,,,,,,
GEM285,GEM,,,,,,,,,,,,,,,,,,,,,,,,P,,,,,,GEM285,https://legendstory-production-s3-public.s3.amazonaws.com/media/cards/large/GEM285.webp,,,,,,,,,GEM285,https://storage.googleapis.com/fabmaster/cardfaces/GEM/GEM285.png,,,,,,,,,,,,,,,,,,,,,,,,,,,,,,,,,,,,
GEM286,GEM,,,,,,,,,,,,,,,,,,,,,,,,P,,,,,,GEM286,https://legendstory-production-s3-public.s3.amazonaws.com/media/cards/large/GEM286.webp,,,,,,,,,GEM286,https://storage.googleapis.com/fabmaster/cardfaces/GEM/GEM286.png,,,,,,,,,,,,,,,,,,,,,,,,,,,,,,,,,,,,
GEM287,GEM,,,,,,,,,,,,,,,,,,,,,,,,P,,,,,,GEM287,https://legendstory-production-s3-public.s3.amazonaws.com/media/cards/large/GEM287.webp,,,,,,,,,GEM287,https://storage.googleapis.com/fabmaster/cardfaces/GEM/GEM287.png,,,,,,,,,,,,,,,,,,,,,,,,,,,,,,,,,,,,
GEM288,GEM,,,,,,,,,,,,,,,,,,,,,,,,P,,,,,,GEM288,https://legendstory-production-s3-public.s3.amazonaws.com/media/cards/large/GEM288.webp,,,,,,,,,GEM288,https://storage.googleapis.com/fabmaster/cardfaces/GEM/GEM288.png,,,,,,,,,,,,,,,,,,,,,,,,,,,,,,,,,,,,
GEM289,GEM,,,,,,,,,,,,,,,,,,,,,,,,P,,,,,,GEM289,https://legendstory-production-s3-public.s3.amazonaws.com/media/cards/large/GEM289.webp,,,,,,,,,GEM289,https://storage.googleapis.com/fabmaster/cardfaces/GEM/GEM289.png,,,,,,,,,,,,,,,,,,,,,,,,,,,,,,,,,,,,
GEM290,GEM,,,,,,,,,,,,,,,,,,,,,,,,P,,,,,,GEM290,https://legendstory-production-s3-public.s3.amazonaws.com/media/cards/large/GEM290.webp,,,,,,,,,GEM290,https://storage.googleapis.com/fabmaster/cardfaces/GEM/GEM290.png,,,,,,,,,,,,,,,,,,,,,,,,,,,,,,,,,,,,
GEM291,GEM,,,,,,,,,,,,,,,,,,,,,,,,P,,,,,,GEM291,https://legendstory-production-s3-public.s3.amazonaws.com/media/cards/large/GEM291.webp,,,,,,,,,GEM291,https://storage.googleapis.com/fabmaster/cardfaces/GEM/GEM291.png,,,,,,,,,,,,,,,,,,,,,,,,,,,,,,,,,,,,
GEM292,GEM,,,,,,,,,,,,,,,,,,,,,,,,P,,,,,,GEM292,https://legendstory-production-s3-public.s3.amazonaws.com/media/cards/large/GEM292.webp,,,,,,,,,GEM292,https://storage.googleapis.com/fabmaster/cardfaces/GEM/GEM292.png,,,,,,,,,,,,,,,,,,,,,,,,,,,,,,,,,,,,
GEM293,GEM,,,,,,,,,,,,,,,,,,,,,,,,P,,,,,,GEM293,https://legendstory-production-s3-public.s3.amazonaws.com/media/cards/large/GEM293.webp,,,,,,,,,GEM293,https://storage.googleapis.com/fabmaster/cardfaces/GEM/GEM293.png,,,,,,,,,,,,,,,,,,,,,,,,,,,,,,,,,,,,
GEM294,GEM,,,,,,,,,,,,,,,,,,,,,,,,P,,,,,,GEM294,https://legendstory-production-s3-public.s3.amazonaws.com/media/cards/large/GEM294.webp,,,,,,,,,GEM294,https://storage.googleapis.com/fabmaster/cardfaces/GEM/GEM294.png,,,,,,,,,,,,,,,,,,,,,,,,,,,,,,,,,,,,
GEM295,GEM,,,,,,,,,,,,,,,,,,,,,,,,P,,,,,,GEM295,https://legendstory-production-s3-public.s3.amazonaws.com/media/cards/large/GEM295.webp,,,,,,,,,GEM295,https://storage.googleapis.com/fabmaster/cardfaces/GEM/GEM295.png,,,,,,,,,,,,,,,,,,,,,,,,,,,,,,,,,,,,
GEM296,GEM,,,,,,,,,,,,,,,,,,,,,,,,P,,,,,,GEM296,https://legendstory-production-s3-public.s3.amazonaws.com/media/cards/large/GEM296.webp,,,,,,,,,GEM296,https://storage.googleapis.com/fabmaster/cardfaces/GEM/GEM296.png,,,,,,,,,,,,,,,,,,,,,,,,,,,,,,,,,,,,
GEM297,GEM,,,,,,,,,,,,,,,,,,,,,,,,P,,,,,,GEM297,https://legendstory-production-s3-public.s3.amazonaws.com/media/cards/large/GEM297.webp,,,,,,,,,GEM297,https://storage.googleapis.com/fabmaster/cardfaces/GEM/GEM297.png,,,,,,,,,,,,,,,,,,,,,,,,,,,,,,,,,,,,
GEM298,GEM,,,,,,,,,,,,,,,,,,,,,,,,P,,,,,,GEM298,https://legendstory-production-s3-public.s3.amazonaws.com/media/cards/large/GEM298.webp,,,,,,,,,GEM298,https://storage.googleapis.com/fabmaster/cardfaces/GEM/GEM298.png,,,,,,,,,,,,,,,,,,,,,,,,,,,,,,,,,,,,
GEM299,GEM,,,,,,,,,,,,,,,,,,,,,,,,P,,,,,,GEM299,https://legendstory-production-s3-public.s3.amazonaws.com/media/cards/large/GEM299.webp,,,,,,,,,GEM299,https://storage.googleapis.com/fabmaster/cardfaces/GEM/GEM299.png,,,,,,,,,,,,,,,,,,,,,,,,,,,,,,,,,,,,
GEM300,GEM,,,,,,,,,,,,,,,,,,,,,,,,P,,,,,,GEM300,https://legendstory-production-s3-public.s3.amazonaws.com/media/cards/large/GEM300.webp,,,,,,,,,GEM300,https://storage.googleapis.com/fabmaster/cardfaces/GEM/GEM300.png,,,,,,,,,,,,,,,,,,,,,,,,,,,,,,,,,,,,
GEM301,GEM,,,,,,,,,,,,,,,,,,,,,,,,P,,,,,,GEM301,https://legendstory-production-s3-public.s3.amazonaws.com/media/cards/large/GEM301.webp,,,,,,,,,GEM301,https://storage.googleapis.com/fabmaster/cardfaces/GEM/GEM301.png,,,,,,,,,,,,,,,,,,,,,,,,,,,,,,,,,,,,
GEM302,GEM,,,,,,,,,,,,,,,,,,,,,,,,P,,,,,,GEM302,https://legendstory-production-s3-public.s3.amazonaws.com/media/cards/large/GEM302.webp,,,,,,,,,GEM302,https://storage.googleapis.com/fabmaster/cardfaces/GEM/GEM302.png,,,,,,,,,,,,,,,,,,,,,,,,,,,,,,,,,,,,
GEM303,GEM,,,,,,,,,,,,,,,,,,,,,,,,P,,,,,,GEM303,https://legendstory-production-s3-public.s3.amazonaws.com/media/cards/large/GEM303.webp,,,,,,,,,GEM303,https://storage.googleapis.com/fabmaster/cardfaces/GEM/GEM303.png,,,,,,,,,,,,,,,,,,,,,,,,,,,,,,,,,,,,
GEM304,GEM,,,,,,,,,,,,,,,,,,,,,,,,P,,,,,,GEM304,https://legendstory-production-s3-public.s3.amazonaws.com/media/cards/large/GEM304.webp,,,,,,,,,GEM304,https://storage.googleapis.com/fabmaster/cardfaces/GEM/GEM304.png,,,,,,,,,,,,,,,,,,,,,,,,,,,,,,,,,,,,
GEM305,GEM,,,,,,,,,,,,,,,,,,,,,,,,P,,,,,,GEM305,https://legendstory-production-s3-public.s3.amazonaws.com/media/cards/large/GEM305.webp,,,,,,,,,GEM305,https://storage.googleapis.com/fabmaster/cardfaces/GEM/GEM305.png,,,,,,,,,,,,,,,,,,,,,,,,,,,,,,,,,,,,
GEM306,GEM,,,,,,,,,,,,,,,,,,,,,,,,P,,,,,,GEM306,https://legendstory-production-s3-public.s3.amazonaws.com/media/cards/large/GEM306.webp,,,,,,,,,GEM306,https://storage.googleapis.com/fabmaster/cardfaces/GEM/GEM306.png,,,,,,,,,,,,,,,,,,,,,,,,,,,,,,,,,,,,
GEM307,GEM,,,,,,,,,,,,,,,,,,,,,,,,P,,,,,,GEM307,https://legendstory-production-s3-public.s3.amazonaws.com/media/cards/large/GEM307.webp,,,,,,,,,GEM307,https://storage.googleapis.com/fabmaster/cardfaces/GEM/GEM307.png,,,,,,,,,,,,,,,,,,,,,,,,,,,,,,,,,,,,
GEM308,GEM,,,,,,,,,,,,,,,,,,,,,,,,P,,,,,,GEM308,https://legendstory-production-s3-public.s3.amazonaws.com/media/cards/large/GEM308.webp,,,,,,,,,GEM308,https://storage.googleapis.com/fabmaster/cardfaces/GEM/GEM308.png,,,,,,,,,,,,,,,,,,,,,,,,,,,,,,,,,,,,
GEM309,GEM,,,,,,,,,,,,,,,,,,,,,,,,P,,,,,,GEM309,https://legendstory-production-s3-public.s3.amazonaws.com/media/cards/large/GEM309.webp,,,,,,,,,GEM309,https://storage.googleapis.com/fabmaster/cardfaces/GEM/GEM309.png,,,,,,,,,,,,,,,,,,,,,,,,,,,,,,,,,,,,
GEM310,GEM,,,,,,,,,,,,,,,,,,,,,,,,P,,,,,,GEM310,https://legendstory-production-s3-public.s3.amazonaws.com/media/cards/large/GEM310.webp,,,,,,,,,GEM310,https://storage.googleapis.com/fabmaster/cardfaces/GEM/GEM310.png,,,,,,,,,,,,,,,,,,,,,,,,,,,,,,,,,,,,
GEM311,GEM,,,,,,,,,,,,,,,,,,,,,,,,P,,,,,,GEM311,https://legendstory-production-s3-public.s3.amazonaws.com/media/cards/large/GEM311.webp,,,,,,,,,GEM311,https://storage.googleapis.com/fabmaster/cardfaces/GEM/GEM311.png,,,,,,,,,,,,,,,,,,,,,,,,,,,,,,,,,,,,
GEM312,GEM,,,,,,,,,,,,,,,,,,,,,,,,P,,,,,,GEM312,https://legendstory-production-s3-public.s3.amazonaws.com/media/cards/large/GEM312.webp,,,,,,,,,GEM312,https://storage.googleapis.com/fabmaster/cardfaces/GEM/GEM312.png,,,,,,,,,,,,,,,,,,,,,,,,,,,,,,,,,,,,
GEM313,GEM,,,,,,,,,,,,,,,,,,,,,,,,P,,,,,,GEM313,https://legendstory-production-s3-public.s3.amazonaws.com/media/cards/large/GEM313.webp,,,,,,,,,GEM313,https://storage.googleapis.com/fabmaster/cardfaces/GEM/GEM313.png,,,,,,,,,,,,,,,,,,,,,,,,,,,,,,,,,,,,
GEM314,GEM,,,,,,,,,,,,,,,,,,,,,,,,P,,,,,,GEM314,https://legendstory-production-s3-public.s3.amazonaws.com/media/cards/large/GEM314.webp,,,,,,,,,GEM314,https://storage.googleapis.com/fabmaster/cardfaces/GEM/GEM314.png,,,,,,,,,,,,,,,,,,,,,,,,,,,,,,,,,,,,
GEM315,GEM,,,,,,,,,,,,,,,,,,,,,,,,P,,,,,,GEM315,https://legendstory-production-s3-public.s3.amazonaws.com/media/cards/large/GEM315.webp,,,,,,,,,GEM315,https://storage.googleapis.com/fabmaster/cardfaces/GEM/GEM315.png,,,,,,,,,,,,,,,,,,,,,,,,,,,,,,,,,,,,
GEM316,GEM,,,,,,,,,,,,,,,,,,,,,,,,P,,,,,,GEM316,https://legendstory-production-s3-public.s3.amazonaws.com/media/cards/large/GEM316.webp,,,,,,,,,GEM316,https://storage.googleapis.com/fabmaster/cardfaces/GEM/GEM316.png,,,,,,,,,,,,,,,,,,,,,,,,,,,,,,,,,,,,
GEM317,GEM,,,,,,,,,,,,,,,,,,,,,,,,P,,,,,,GEM317,https://legendstory-production-s3-public.s3.amazonaws.com/media/cards/large/GEM317.webp,,,,,,,,,GEM317,https://storage.googleapis.com/fabmaster/cardfaces/GEM/GEM317.png,,,,,,,,,,,,,,,,,,,,,,,,,,,,,,,,,,,,
GEM318,GEM,,,,,,,,,,,,,,,,,,,,,,,,P,,,,,,GEM318,https://legendstory-production-s3-public.s3.amazonaws.com/media/cards/large/GEM318.webp,,,,,,,,,GEM318,https://storage.googleapis.com/fabmaster/cardfaces/GEM/GEM318.png,,,,,,,,,,,,,,,,,,,,,,,,,,,,,,,,,,,,
GEM319,GEM,,,,,,,,,,,,,,,,,,,,,,,,P,,,,,,GEM319,https://legendstory-production-s3-public.s3.amazonaws.com/media/cards/large/GEM319.webp,,,,,,,,,GEM319,https://storage.googleapis.com/fabmaster/cardfaces/GEM/GEM319.png,,,,,,,,,,,,,,,,,,,,,,,,,,,,,,,,,,,,
GEM320,GEM,,,,,,,,,,,,,,,,,,,,,,,,P,,,,,,GEM320,https://legendstory-production-s3-public.s3.amazonaws.com/media/cards/large/GEM320.webp,,,,,,,,,GEM320,https://storage.googleapis.com/fabmaster/cardfaces/GEM/GEM320.png,,,,,,,,,,,,,,,,,,,,,,,,,,,,,,,,,,,,
GEM321,GEM,,,,,,,,,,,,,,,,,,,,,,,,P,,,,,,GEM321,https://legendstory-production-s3-public.s3.amazonaws.com/media/cards/large/GEM321.webp,,,,,,,,,GEM321,https://storage.googleapis.com/fabmaster/cardfaces/GEM/GEM321.png,,,,,,,,,,,,,,,,,,,,,,,,,,,,,,,,,,,,
GEM322,GEM,,,,,,,,,,,,,,,,,,,,,,,,P,,,,,,GEM322,https://legendstory-production-s3-public.s3.amazonaws.com/media/cards/large/GEM322.webp,,,,,,,,,GEM322,https://storage.googleapis.com/fabmaster/cardfaces/GEM/GEM322.png,,,,,,,,,,,,,,,,,,,,,,,,,,,,,,,,,,,,
GEM323,GEM,,,,,,,,,,,,,,,,,,,,,,,,P,,,,,,GEM323,https://legendstory-production-s3-public.s3.amazonaws.com/media/cards/large/GEM323.webp,,,,,,,,,GEM323,https://storage.googleapis.com/fabmaster/cardfaces/GEM/GEM323.png,,,,,,,,,,,,,,,,,,,,,,,,,,,,,,,,,,,,
GEM324,GEM,,,,,,,,,,,,,,,,,,,,,,,,P,,,,,,GEM324,https://legendstory-production-s3-public.s3.amazonaws.com/media/cards/large/GEM324.webp,,,,,,,,,GEM324,https://storage.googleapis.com/fabmaster/cardfaces/GEM/GEM324.png,,,,,,,,,,,,,,,,,,,,,,,,,,,,,,,,,,,,
GEM325,GEM,,,,,,,,,,,,,,,,,,,,,,,,P,,,,,,GEM325,https://legendstory-production-s3-public.s3.amazonaws.com/media/cards/large/GEM325.webp,,,,,,,,,GEM325,https://storage.googleapis.com/fabmaster/cardfaces/GEM/GEM325.png,,,,,,,,,,,,,,,,,,,,,,,,,,,,,,,,,,,,
GEM326,GEM,,,,,,,,,,,,,,,,,,,,,,,,P,,,,,,GEM326,https://legendstory-production-s3-public.s3.amazonaws.com/media/cards/large/GEM326.webp,,,,,,,,,GEM326,https://storage.googleapis.com/fabmaster/cardfaces/GEM/GEM326.png,,,,,,,,,,,,,,,,,,,,,,,,,,,,,,,,,,,,
GEM327,GEM,,,,,,,,,,,,,,,,,,,,,,,,P,,,,,,GEM327,https://legendstory-production-s3-public.s3.amazonaws.com/media/cards/large/GEM327.webp,,,,,,,,,GEM327,https://storage.googleapis.com/fabmaster/cardfaces/GEM/GEM327.png,,,,,,,,,,,,,,,,,,,,,,,,,,,,,,,,,,,,
GEM328,GEM,,,,,,,,,,,,,,,,,,,,,,,,P,,,,,,GEM328,https://legendstory-production-s3-public.s3.amazonaws.com/media/cards/large/GEM328.webp,,,,,,,,,GEM328,https://storage.googleapis.com/fabmaster/cardfaces/GEM/GEM328.png,,,,,,,,,,,,,,,,,,,,,,,,,,,,,,,,,,,,
GEM329,GEM,,,,,,,,,,,,,,,,,,,,,,,,P,,,,,,GEM329,https://legendstory-production-s3-public.s3.amazonaws.com/media/cards/large/GEM329.webp,,,,,,,,,GEM329,https://storage.googleapis.com/fabmaster/cardfaces/GEM/GEM329.png,,,,,,,,,,,,,,,,,,,,,,,,,,,,,,,,,,,,
GEM330,GEM,,,,,,,,,,,,,,,,,,,,,,,,P,,,,,,GEM330,https://legendstory-production-s3-public.s3.amazonaws.com/media/cards/large/GEM330.webp,,,,,,,,,GEM330,https://storage.googleapis.com/fabmaster/cardfaces/GEM/GEM330.png,,,,,,,,,,,,,,,,,,,,,,,,,,,,,,,,,,,,
GEM331,GEM,,,,,,,,,,,,,,,,,,,,,,,,P,,,,,,GEM331,https://legendstory-production-s3-public.s3.amazonaws.com/media/cards/large/GEM331.webp,,,,,,,,,GEM331,https://storage.googleapis.com/fabmaster/cardfaces/GEM/GEM331.png,,,,,,,,,,,,,,,,,,,,,,,,,,,,,,,,,,,,
GEM332,GEM,,,,,,,,,,,,,,,,,,,,,,,,P,,,,,,GEM332,https://legendstory-production-s3-public.s3.amazonaws.com/media/cards/large/GEM332.webp,,,,,,,,,GEM332,https://storage.googleapis.com/fabmaster/cardfaces/GEM/GEM332.png,,,,,,,,,,,,,,,,,,,,,,,,,,,,,,,,,,,,
GEM333,GEM,,,,,,,,,,,,,,,,,,,,,,,,P,,,,,,GEM333,https://legendstory-production-s3-public.s3.amazonaws.com/media/cards/large/GEM333.webp,,,,,,,,,GEM333,https://storage.googleapis.com/fabmaster/cardfaces/GEM/GEM333.png,,,,,,,,,,,,,,,,,,,,,,,,,,,,,,,,,,,,
GEM334,GEM,,,,,,,,,,,,,,,,,,,,,,,,P,,,,,,GEM334,https://legendstory-production-s3-public.s3.amazonaws.com/media/cards/large/GEM334.webp,,,,,,,,,GEM334,https://storage.googleapis.com/fabmaster/cardfaces/GEM/GEM334.png,,,,,,,,,,,,,,,,,,,,,,,,,,,,,,,,,,,,
GEM335,GEM,,,,,,,,,,,,,,,,,,,,,,,,P,,,,,,GEM335,https://legendstory-production-s3-public.s3.amazonaws.com/media/cards/large/GEM335.webp,,,,,,,,,GEM335,https://storage.googleapis.com/fabmaster/cardfaces/GEM/GEM335.png,,,,,,,,,,,,,,,,,,,,,,,,,,,,,,,,,,,,
GEM336,GEM,,,,,,,,,,,,,,,,,,,,,,,,P,,,,,,GEM336,https://legendstory-production-s3-public.s3.amazonaws.com/media/cards/large/GEM336.webp,,,,,,,,,GEM336,https://storage.googleapis.com/fabmaster/cardfaces/GEM/GEM336.png,,,,,,,,,,,,,,,,,,,,,,,,,,,,,,,,,,,,
GEM337,GEM,,,,,,,,,,,,,,,,,,,,,,,,P,,,,,,GEM337,https://legendstory-production-s3-public.s3.amazonaws.com/media/cards/large/GEM337.webp,,,,,,,,,GEM337,https://storage.googleapis.com/fabmaster/cardfaces/GEM/GEM337.png,,,,,,,,,,,,,,,,,,,,,,,,,,,,,,,,,,,,
GEM338,GEM,,,,,,,,,,,,,,,,,,,,,,,,P,,,,,,GEM338,https://legendstory-production-s3-public.s3.amazonaws.com/media/cards/large/GEM338.webp,,,,,,,,,GEM338,https://storage.googleapis.com/fabmaster/cardfaces/GEM/GEM338.png,,,,,,,,,,,,,,,,,,,,,,,,,,,,,,,,,,,,
GEM339,GEM,,,,,,,,,,,,,,,,,,,,,,,,P,,,,,,GEM339,https://legendstory-production-s3-public.s3.amazonaws.com/media/cards/large/GEM339.webp,,,,,,,,,GEM339,https://storage.googleapis.com/fabmaster/cardfaces/GEM/GEM339.png,,,,,,,,,,,,,,,,,,,,,,,,,,,,,,,,,,,,
GEM340,GEM,,,,,,,,,,,,,,,,,,,,,,,,P,,,,,,GEM340,https://legendstory-production-s3-public.s3.amazonaws.com/media/cards/large/GEM340.webp,,,,,,,,,GEM340,https://storage.googleapis.com/fabmaster/cardfaces/GEM/GEM340.png,,,,,,,,,,,,,,,,,,,,,,,,,,,,,,,,,,,,
GEM341,GEM,,,,,,,,,,,,,,,,,,,,,,,,P,,,,,,GEM341,https://legendstory-production-s3-public.s3.amazonaws.com/media/cards/large/GEM341.webp,,,,,,,,,GEM341,https://storage.googleapis.com/fabmaster/cardfaces/GEM/GEM341.png,,,,,,,,,,,,,,,,,,,,,,,,,,,,,,,,,,,,
GEM342,GEM,,,,,,,,,,,,,,,,,,,,,,,,P,,,,,,GEM342,https://legendstory-production-s3-public.s3.amazonaws.com/media/cards/large/GEM342.webp,,,,,,,,,GEM342,https://storage.googleapis.com/fabmaster/cardfaces/GEM/GEM342.png,,,,,,,,,,,,,,,,,,,,,,,,,,,,,,,,,,,,
GEM343,GEM,,,,,,,,,,,,,,,,,,,,,,,,P,,,,,,GEM343,https://legendstory-production-s3-public.s3.amazonaws.com/media/cards/large/GEM343.webp,,,,,,,,,GEM343,https://storage.googleapis.com/fabmaster/cardfaces/GEM/GEM343.png,,,,,,,,,,,,,,,,,,,,,,,,,,,,,,,,,,,,
GEM344,GEM,,,,,,,,,,,,,,,,,,,,,,,,P,,,,,,GEM344,https://legendstory-production-s3-public.s3.amazonaws.com/media/cards/large/GEM344.webp,,,,,,,,,GEM344,https://storage.googleapis.com/fabmaster/cardfaces/GEM/GEM344.png,,,,,,,,,,,,,,,,,,,,,,,,,,,,,,,,,,,,